frequency_hz,mean_response_db,response_standard_deviation_db,mean_chirp_level_dbfs,chirp_level_standard_deviation_db,mean_noise_level_dbfs,noise_level_standard_deviation_db,mean_snr_db,response_1_db,response_2_db,response_3_db,response_4_db,response_5_db,response_6_db,response_7_db,response_8_db,chirp_level_1_dbfs,chirp_level_2_dbfs,chirp_level_3_dbfs,chirp_level_4_dbfs,chirp_level_5_dbfs,chirp_level_6_dbfs,chirp_level_7_dbfs,chirp_level_8_dbfs,noise_level_1_dbfs,noise_level_2_dbfs,noise_level_3_dbfs,noise_level_4_dbfs,noise_level_5_dbfs,noise_level_6_dbfs,noise_level_7_dbfs,noise_level_8_dbfs
500.00000000,-30.39582182,5.56434702,-104.44236299,5.56434702,-98.65266360,3.57256086,-5.78969938,-20.34715608,-29.65005716,-28.51628706,-31.43833359,-38.30861079,-28.59130848,-29.31936884,-36.99545257,-94.39369724,-103.69659833,-102.56282822,-105.48487476,-112.35515195,-102.63784965,-103.36591001,-111.04199373,-92.37792865,-96.46153089,-102.61172964,-100.18948103,-101.47272697,-101.31233447,-95.28154951,-99.51402764
543.08617234,-30.39582182,5.56434702,-104.44236299,5.56434702,-98.77076849,2.69324486,-5.67159449,-20.34715608,-29.65005716,-28.51628706,-31.43833359,-38.30861079,-28.59130848,-29.31936884,-36.99545257,-94.39369724,-103.69659833,-102.56282822,-105.48487476,-112.35515195,-102.63784965,-103.36591001,-111.04199373,-94.62539526,-95.91874252,-102.03679853,-98.59998637,-101.28779597,-100.23567636,-96.95941944,-100.50233351
586.17234469,-30.39582182,5.56434702,-104.44236299,5.56434702,-101.14171648,1.82157029,-3.30064651,-20.34715608,-29.65005716,-28.51628706,-31.43833359,-38.30861079,-28.59130848,-29.31936884,-36.99545257,-94.39369724,-103.69659833,-102.56282822,-105.48487476,-112.35515195,-102.63784965,-103.36591001,-111.04199373,-98.25852918,-98.42231356,-102.26405805,-100.96225978,-101.78935479,-102.17791231,-103.02081044,-102.23849371
629.25851703,-30.39582182,5.56434702,-104.44236299,5.56434702,-101.52506582,1.66145970,-2.91729716,-20.34715608,-29.65005716,-28.51628706,-31.43833359,-38.30861079,-28.59130848,-29.31936884,-36.99545257,-94.39369724,-103.69659833,-102.56282822,-105.48487476,-112.35515195,-102.63784965,-103.36591001,-111.04199373,-99.87720203,-98.93040180,-102.32509487,-100.33485659,-102.16000232,-103.10071943,-103.73602504,-101.73622451
672.34468938,-30.39582182,5.56434702,-104.44236299,5.56434702,-102.86808318,0.98043454,-1.57427981,-20.34715608,-29.65005716,-28.51628706,-31.43833359,-38.30861079,-28.59130848,-29.31936884,-36.99545257,-94.39369724,-103.69659833,-102.56282822,-105.48487476,-112.35515195,-102.63784965,-103.36591001,-111.04199373,-101.79032161,-104.63741098,-102.95380391,-101.42354460,-103.34875460,-102.92626933,-103.15584162,-102.70871877
715.43086172,-30.39582182,5.56434702,-104.44236299,5.56434702,-103.73025880,1.47537550,-0.71210418,-20.34715608,-29.65005716,-28.51628706,-31.43833359,-38.30861079,-28.59130848,-29.31936884,-36.99545257,-94.39369724,-103.69659833,-102.56282822,-105.48487476,-112.35515195,-102.63784965,-103.36591001,-111.04199373,-100.59516515,-104.20216103,-104.06436394,-102.55750771,-104.45329479,-104.95554495,-104.99067059,-104.02336224
758.51703407,-33.31216321,3.91142403,-105.52417014,3.91142403,-103.56055977,1.43796762,-1.96361037,-27.58113278,-34.14571954,-29.38127496,-34.17092561,-39.69634440,-31.92370478,-32.53434736,-37.06385627,-99.79313970,-106.35772647,-101.59328189,-106.38293253,-111.90835132,-104.13571170,-104.74635429,-109.27586319,-100.84839083,-103.13463867,-104.46443308,-102.36129359,-104.11036888,-104.15406660,-105.54373269,-103.86755381
801.60320641,-37.61778535,3.32018145,-107.12132636,3.32018145,-102.57287065,1.31376122,-4.54845572,-38.26121649,-40.78301636,-30.65832404,-38.20526422,-41.74516371,-36.84358121,-37.28087077,-37.16484599,-107.76475750,-110.28655738,-100.16186505,-107.70880524,-111.24870472,-106.34712222,-106.78441178,-106.66838701,-101.11601732,-101.54497351,-102.09940247,-101.69407267,-103.17827278,-102.82669820,-105.29500780,-102.82852043
844.68937876,-41.86813974,5.33323264,-108.67602398,5.33323264,-103.07270378,2.37987807,-5.60332021,-48.69584558,-47.32423071,-31.96995400,-42.21462092,-43.80133805,-41.70474182,-41.93295392,-37.30143291,-115.50372983,-114.13211496,-98.77783825,-109.02250516,-110.60922229,-108.51262607,-108.74083816,-104.10931715,-99.43737282,-100.09253663,-103.67454539,-102.17730101,-104.76330862,-104.22909846,-106.50733483,-103.70013246
887.77555110,-42.71952804,4.01361592,-107.61951724,4.01361592,-104.55751510,1.96272544,-3.06200214,-44.03501597,-47.95637328,-35.40830918,-44.68759006,-46.30984685,-42.95488003,-40.77696149,-39.62724747,-108.93500517,-112.85636247,-100.30829838,-109.58757926,-111.20983604,-107.85486923,-105.67695068,-104.52723667,-101.43043788,-101.73007915,-105.31853587,-104.53325894,-106.44644456,-105.07197265,-106.60510765,-105.32428408
930.86172345,-43.57091634,4.21138220,-106.56301049,4.21138220,-105.44681543,1.42446356,-1.11619507,-39.37418637,-48.58851584,-38.84666436,-47.16055920,-48.81835565,-44.20501824,-39.62096906,-41.95306203,-102.36628052,-111.58060999,-101.83875851,-110.15265335,-111.81044980,-107.19711239,-102.61306321,-104.94515618,-103.42772792,-103.60963701,-104.78687679,-105.31176833,-105.80043779,-106.80090409,-106.97841393,-106.85875756
973.94789579,-44.84844790,4.41487908,-106.08739320,4.41487908,-106.35547886,1.86288250,0.26808566,-38.10779846,-49.50836648,-41.97918050,-48.28700922,-50.71741809,-44.99733599,-41.07707881,-44.11339562,-99.34674377,-110.74731178,-103.21812581,-109.52595453,-111.95636340,-106.23628129,-102.31602412,-105.35234093,-103.65695583,-104.68507366,-104.64229485,-106.10745717,-107.55002728,-107.26411362,-108.33219753,-108.60571093
1017.03406814,-46.90136792,3.00013334,-106.66873267,3.00013334,-106.95436758,2.13834512,0.28563491,-43.01776314,-50.95171602,-44.55520756,-46.96340189,-51.50756310,-44.95662701,-47.28603614,-45.97262850,-102.78512789,-110.71908076,-104.32257230,-106.73076663,-111.27492785,-104.72399176,-107.05340089,-105.73999325,-104.12763688,-105.28267674,-104.84393846,-106.02237503,-107.95508367,-109.23451340,-109.64379681,-108.52491963
1060.12024048,-48.95428794,3.30728426,-107.25007213,3.30728426,-107.24616217,1.55979551,-0.00390996,-47.92772782,-52.39506556,-47.13123461,-45.63979455,-52.29770811,-44.91591804,-53.49499348,-47.83186138,-106.22351200,-110.69084975,-105.42701880,-103.93557873,-110.59349230,-103.21170222,-111.79077766,-106.12764557,-104.95915985,-105.77156705,-106.58145893,-106.35172496,-107.63238213,-108.63660792,-108.91488643,-109.12151006
1103.20641283,-50.91101912,2.55839881,-107.92614989,2.55839881,-107.79343796,0.83768659,-0.13271193,-48.92499723,-51.42037133,-50.23911089,-47.86485405,-54.20842166,-48.95518190,-55.04689230,-50.62832362,-105.94012800,-108.43550209,-107.25424166,-104.87998482,-111.22355243,-105.97031266,-112.06202306,-107.64345439,-106.54417875,-107.00126826,-107.42618466,-107.33233794,-108.02870648,-108.60820046,-108.67661408,-108.73001306
1146.29258517,-52.82520523,2.86655254,-108.64413113,2.86655254,-108.88913433,1.80889516,0.24500320,-48.19165143,-49.37615773,-53.58222817,-51.65951618,-56.61477130,-54.79904912,-54.53893831,-53.83932962,-104.01057733,-105.19508362,-109.40115407,-107.47844208,-112.43369719,-110.61797502,-110.35786421,-109.65825552,-105.43957528,-109.28041806,-108.85613285,-107.41529635,-108.97355918,-109.46621548,-111.44078565,-110.24109181
1189.37875752,-54.63831097,4.86566675,-109.26711565,4.86566675,-108.17469181,1.39266647,-1.09242385,-47.41639702,-47.44867749,-56.80742534,-55.27810527,-58.87861041,-60.40681905,-53.97993416,-56.89051905,-102.04520170,-102.07748217,-111.43623002,-109.90690994,-113.50741509,-115.03562373,-108.60873884,-111.51932373,-105.64396966,-109.06276928,-108.21970032,-107.46048333,-108.40105184,-107.62933116,-110.50548459,-108.47474426
1232.46492986,-53.39373556,4.46757572,-107.01644942,4.46757572,-109.36835545,1.47967507,2.35190603,-45.37340733,-49.05238145,-56.46553900,-53.57048464,-56.83150635,-58.87264565,-51.87666242,-55.10725765,-98.99612119,-102.67509531,-110.08825286,-107.19319850,-110.45422020,-112.49535951,-105.49937628,-108.72997151,-106.25258472,-109.38054327,-109.32593526,-109.20213822,-110.19072474,-109.33804577,-111.56000702,-109.69686461
1275.55110220,-52.14916015,4.42034306,-104.76578318,4.42034306,-110.41833456,1.10161129,5.65255138,-43.33041763,-50.65608542,-56.12365266,-51.86286401,-54.78440228,-57.33847224,-49.77339068,-53.32399624,-95.94704067,-103.27270846,-108.74027570,-104.47948705,-107.40102532,-109.95509528,-102.39001371,-105.94061928,-108.37844513,-109.63131063,-110.99533868,-110.55770380,-110.73264521,-110.41745645,-112.22472347,-110.40905314
1318.63727455,-50.86811514,4.23837269,-102.58896841,4.23837269,-111.16275713,1.06269601,8.57378873,-42.02435589,-51.39172087,-54.71607570,-50.27001147,-52.99351692,-55.50020941,-48.49172364,-51.55730722,-93.74520916,-103.11257414,-106.43692897,-101.99086474,-104.71437018,-107.22106267,-100.21257691,-103.27816049,-109.23509050,-110.91426791,-112.24802366,-110.56215967,-111.59499833,-110.49773496,-111.89186400,-112.35791804
1361.72344689,-49.52515055,3.40562639,-100.53754171,3.40562639,-111.86360939,1.31990783,11.32606768,-41.96948119,-50.65351339,-51.49912474,-48.87201699,-51.63765035,-53.14565085,-48.60501137,-49.81875549,-92.98187235,-101.66590455,-102.51151591,-99.88440816,-102.65004152,-104.15804202,-99.61740254,-100.83114666,-110.07023088,-109.92486763,-113.01399097,-112.60701049,-112.43463087,-111.20365503,-112.22501676,-113.42947246
1404.80961924,-48.18218595,2.78542819,-98.48611502,2.78542819,-112.33609922,1.42323617,13.84998421,-41.91460648,-49.91530590,-48.28217378,-47.47402251,-50.28178379,-50.79109229,-48.71829910,-48.08020376,-92.21853554,-100.21923497,-98.58610284,-97.77795157,-100.58571286,-101.09502136,-99.02222817,-98.38413283,-109.50180707,-111.15992574,-113.20247549,-112.54427384,-112.69828831,-112.15326619,-113.76311807,-113.66563909
1447.89579158,-48.01177200,2.62523592,-97.54607602,2.62523592,-111.62086001,1.16290599,14.07478399,-41.88330102,-49.64591213,-47.86226180,-47.60565177,-49.85084619,-49.74708515,-49.16490414,-48.33421381,-91.41760504,-99.18021615,-97.39656582,-97.13995579,-99.38515021,-99.28138917,-98.69920816,-97.86851783,-109.10006973,-111.30294007,-111.40054803,-111.42693574,-112.53103863,-112.07609679,-112.33246262,-112.79678847
1490.98196393,-48.32183933,2.66171811,-97.06145529,2.66171811,-113.04553578,0.91745629,15.98408049,-41.86165364,-49.56862624,-48.58850489,-48.36408174,-49.79892083,-49.24010847,-49.74809410,-49.40472473,-90.60126960,-98.30824220,-97.32812085,-97.10369770,-98.53853679,-97.97972443,-98.48771006,-98.14434069,-111.60525852,-112.51167144,-113.25860824,-113.72017982,-113.91080553,-113.50566775,-111.91531506,-113.93677990
1534.06813627,-48.85809061,2.82519767,-96.80726668,2.82519767,-112.87188352,1.10154270,16.06461685,-41.98929837,-49.66961220,-49.76071349,-49.33534108,-49.97302845,-49.04043217,-50.51741335,-50.57888577,-89.93847443,-97.61878827,-97.70988956,-97.28451714,-97.92220452,-96.98960823,-98.46658942,-98.52806184,-110.90127024,-112.99413495,-113.82488679,-113.07688750,-114.16238364,-113.58439194,-111.66298020,-112.76813292
1577.15430862,-53.88032362,4.06902974,-101.12331511,4.06902974,-112.58230159,1.48908888,11.45898649,-45.07790328,-53.30632343,-59.77790479,-54.52771618,-54.63012355,-54.93554670,-54.97829692,-53.80877414,-92.32089476,-100.54931492,-107.02089628,-101.77070767,-101.87311503,-102.17853819,-102.22128840,-101.05176563,-109.18283054,-111.86010366,-113.95580620,-113.07477715,-113.12119702,-113.04215616,-113.31767605,-113.10386599
1620.24048096,-58.90255664,5.92869366,-105.43936354,5.92869366,-111.83357114,1.66326594,6.39420760,-48.16650819,-56.94303466,-69.79509609,-59.72009129,-59.28721864,-60.83066124,-59.43918048,-57.03866251,-94.70331509,-103.47984156,-116.33190299,-106.25689820,-105.82402554,-107.36746815,-105.97598738,-103.57546942,-108.90645857,-112.08494117,-113.17164036,-112.63661043,-113.53430064,-112.89142915,-109.76918429,-111.67400455
1663.32665331,-62.34412111,6.51027823,-108.20242363,6.51027823,-112.37138898,0.94182718,4.16896535,-51.05372222,-60.13749046,-74.75903190,-63.40987820,-63.15855489,-63.83633050,-62.53412061,-59.86384011,-96.91202474,-105.99579298,-120.61733442,-109.26818072,-109.01685741,-109.69463302,-108.39242314,-105.72214263,-111.57258961,-111.43542193,-114.04235858,-112.00482573,-112.95912686,-111.43925129,-112.40225571,-113.11528213
1706.41282565,-63.27841824,5.00938530,-108.50212291,5.00938530,-113.29480046,1.44466723,4.79267755,-53.62148864,-62.63043765,-71.70745899,-64.71624933,-65.78351504,-62.25874173,-63.46239185,-62.04706269,-98.84519331,-107.85414232,-116.93116366,-109.93995399,-111.00721970,-107.48244639,-108.68609652,-107.27076736,-110.47627384,-112.79665657,-113.96711127,-114.45334399,-113.26983149,-112.55862093,-113.53624811,-115.30031750
1749.49899800,-64.21271537,4.11150067,-108.80182218,4.11150067,-113.42608285,1.71992062,4.62426067,-56.18925506,-65.12338485,-68.65588609,-66.02262046,-68.40847519,-60.68115295,-64.39066310,-64.23028527,-100.77836187,-109.71249166,-113.24499290,-110.61172727,-112.99758200,-105.27025977,-108.97976991,-108.81939208,-109.73973607,-112.42381291,-113.05612723,-115.16980535,-113.97872211,-114.28958339,-114.17275284,-114.57812292
1792.58517034,-63.00218565,3.27189255,-106.99963024,3.27189255,-113.57808749,1.73391490,6.57845725,-56.77125849,-64.91588261,-65.65590507,-64.09623735,-66.74510758,-59.81095805,-62.91740738,-63.10472869,-100.76870308,-108.91332721,-109.65334966,-108.09368195,-110.74255217,-103.80840264,-106.91485197,-107.10217328,-110.96934889,-112.03042228,-114.60604912,-114.81907450,-111.57426896,-115.21065163,-114.79757749,-114.61730709
1835.67134269,-60.97946047,2.35766739,-104.40150156,2.35766739,-113.42909247,2.86729825,9.02759091,-56.60130019,-63.68578372,-62.67546069,-60.94568629,-63.45785115,-59.20863656,-60.53474990,-60.72621529,-100.02334128,-107.10782481,-106.09750177,-104.36772738,-106.87989224,-102.63067765,-103.95679099,-104.14825638,-111.10040366,-112.40763456,-114.31559172,-115.31183866,-107.66908435,-115.52286197,-115.84621802,-115.25910680
1878.75751503,-59.02051463,1.81833834,-101.87034329,1.81833834,-115.22170550,1.92145784,13.35136222,-56.30954785,-62.38353739,-59.85682971,-57.99255600,-60.30807778,-58.60077780,-58.27580856,-58.43698193,-99.15937651,-105.23336605,-102.70665837,-100.84238466,-103.15790644,-101.45060646,-101.12563722,-101.28681059,-112.03156908,-115.10069826,-115.89743361,-116.88927393,-112.56973889,-116.98041661,-115.62445372,-116.68005992
1921.84368737,-57.99434156,1.77080589,-100.31862722,1.77080589,-115.77085831,1.31260529,15.45223109,-54.23655765,-60.02613489,-59.40471987,-57.92670462,-59.16899420,-57.91193644,-57.82621568,-57.45346915,-96.56084330,-102.35042055,-101.72900553,-100.25099028,-101.49327985,-100.23622210,-100.15050133,-99.77775480,-113.38186062,-115.76171293,-116.52449375,-116.52696049,-115.14472216,-116.56961132,-114.72745882,-117.53004639
1964.92985972,-56.96816849,2.06733816,-98.76691115,2.06733816,-116.46779225,1.45445407,17.70088110,-52.16356744,-57.66873240,-58.95261003,-57.86085324,-58.02991061,-57.22309508,-57.37662279,-56.46995636,-93.96231010,-99.46747505,-100.75135268,-99.65959590,-99.82865327,-99.02183774,-99.17536545,-98.26869901,-113.68969694,-115.12555463,-116.16818774,-117.34969255,-116.66543385,-117.71706457,-116.94988758,-118.07682014
2008.01603206,-55.62123539,2.22845946,-96.91161559,2.22845946,-116.94063956,1.49901746,20.02902397,-50.51861246,-55.54284758,-57.82951528,-57.06893827,-56.58257291,-56.00263458,-56.28715123,-55.13761081,-91.80899266,-96.83322777,-99.11989547,-98.35931847,-97.87295311,-97.29301478,-97.57753143,-96.42799101,-113.81689461,-116.26588716,-116.45147698,-118.38757121,-117.32079730,-117.83772612,-117.01108562,-118.43367746
2051.10220441,-53.79847284,1.90117171,-94.60597694,1.90117171,-117.41179686,1.75536915,22.80581993,-49.50862366,-53.76040620,-55.71105219,-55.19994883,-54.67795759,-53.99354702,-54.24845568,-53.28779151,-90.31612776,-94.56791030,-96.51855629,-96.00745294,-95.48546169,-94.80105112,-95.05595978,-94.09529562,-113.95841193,-115.92945920,-118.09359195,-118.77522481,-117.83506191,-118.45768641,-116.93101555,-119.31392315
2094.18837675,-51.97571028,1.58210036,-92.30033829,1.58210036,-117.37954278,2.37513992,25.07920449,-48.49863485,-51.97796482,-53.59258910,-53.33095940,-52.77334227,-51.98445946,-52.20976013,-51.43797222,-88.82326285,-92.30259283,-93.91721710,-93.65558741,-93.09797027,-92.30908746,-92.53438813,-91.76260022,-112.60874465,-116.02150508,-119.03049969,-119.43986240,-117.88795949,-117.61207759,-116.45778931,-119.97790402
2137.27454910,-51.02227031,1.62601057,-90.89146634,1.62601057,-117.41689510,2.64992305,26.52542877,-47.28220528,-51.33862641,-52.46023741,-52.24400982,-51.81401549,-51.13655678,-51.27436577,-50.62814555,-87.15140130,-91.20782243,-92.32943343,-92.11320584,-91.68321151,-91.00575280,-91.14356179,-90.49734157,-111.50804294,-116.31050411,-119.57360636,-118.80779779,-118.85863384,-118.10328641,-116.86534945,-119.30793991
2180.36072144,-50.37215513,1.82950176,-89.79549500,1.82950176,-117.75019368,1.76491793,27.95469868,-45.99374422,-51.09814047,-51.67196057,-51.42993026,-51.18451960,-50.69381572,-50.72393622,-50.18119401,-85.41708408,-90.52148033,-91.09530043,-90.85327013,-90.60785946,-90.11715559,-90.14727608,-89.60453387,-114.45169548,-117.07779844,-119.44702137,-118.59717248,-118.84792215,-118.57864585,-115.94182418,-119.05946948
2223.44689379,-49.88258825,2.03457319,-88.86267350,2.03457319,-118.09611188,2.35692585,29.23343837,-44.93674610,-50.97805990,-51.05442815,-50.77638399,-50.70459295,-50.39758771,-50.33203791,-49.88086927,-83.91683136,-89.95814515,-90.03451340,-89.75646925,-89.68467820,-89.37767297,-89.31212317,-88.86095452,-113.53825236,-117.76248993,-119.90949044,-119.33290785,-120.53882650,-118.83582672,-115.72717412,-119.12392710
2266.53306613,-51.23932675,1.92828919,-89.80607523,1.92828919,-118.98326791,1.20497249,29.17719268,-46.54157188,-52.24264105,-52.40045666,-51.96897054,-51.94471257,-51.78625969,-51.76324885,-51.26675274,-85.10832036,-90.80938954,-90.96720514,-90.53571903,-90.51146106,-90.35300818,-90.32999734,-89.83350123,-116.55607515,-118.30992322,-119.29238432,-118.97442241,-119.68893621,-120.43218013,-118.62874383,-119.98347801
2309.61923848,-52.59606525,1.82506379,-90.74947697,1.82506379,-119.06379205,1.46462443,28.31431508,-48.14639765,-53.50722220,-53.74648516,-53.16155709,-53.18483219,-53.17493167,-53.19445979,-52.65263622,-86.29980937,-91.66063392,-91.89989688,-91.31496881,-91.33824391,-91.32834339,-91.34787151,-90.80604794,-115.87563163,-118.65774833,-119.17153687,-119.20689735,-120.86254437,-119.24477385,-119.26781921,-120.22338474
2352.70541082,-52.69067563,1.77708751,-90.44284205,1.77708751,-119.28527319,1.47960041,28.84243114,-48.37505511,-53.59418078,-53.91416886,-53.22956096,-53.27228519,-53.21144887,-53.20804555,-52.72065971,-86.12722153,-91.34634720,-91.66633528,-90.98172738,-91.02445161,-90.96361529,-90.96021197,-90.47282614,-116.45051602,-118.29769520,-120.56450989,-120.40474984,-119.93913343,-119.79902295,-118.25150339,-120.57505480
2395.79158317,-51.03277691,1.81455104,-88.40048746,1.81455104,-119.41036892,1.22090655,31.00988146,-46.69285467,-52.04596914,-52.44567950,-51.73604239,-51.75922020,-51.37045178,-51.25320909,-50.95878846,-84.06056522,-89.41367970,-89.81339006,-89.10375294,-89.12693075,-88.73816233,-88.62091965,-88.32649901,-116.92453585,-119.24676799,-120.57238594,-120.18309388,-119.28356004,-119.77827946,-118.64287624,-120.65145196
2438.87775551,-49.37487818,1.86884464,-86.35813286,1.86884464,-119.51697639,1.28083234,33.15884353,-45.01065423,-50.49775751,-50.97719015,-50.24252382,-50.24615521,-49.52945470,-49.29837264,-49.19691720,-81.99390891,-87.48101219,-87.96044483,-87.22577850,-87.22940989,-86.51270938,-86.28162732,-86.18017188,-116.68962316,-118.81046076,-120.56372979,-120.16254179,-120.48367411,-119.56678490,-119.61260055,-120.24639607
2481.96392786,-47.86734010,1.95793592,-84.52702586,1.95793592,-119.45673678,1.32013597,34.92971092,-43.22638403,-48.86215418,-49.45239673,-48.78336782,-48.79335684,-48.15839490,-47.90253365,-47.76013265,-79.88606978,-85.52183994,-86.11208248,-85.44305358,-85.45304259,-84.81808066,-84.56221941,-84.41981841,-117.07084292,-117.80273830,-119.86440330,-120.48604093,-120.19149036,-119.43732527,-120.06606027,-120.73499286
2525.05010020,-46.40798096,2.06984259,-82.76360734,2.06984259,-118.84714630,1.81378758,36.08353896,-41.40940837,-47.19854859,-47.90956221,-47.33522237,-47.35986926,-46.93791361,-46.68581006,-46.42751322,-77.76503475,-83.55417497,-84.26518859,-83.69084875,-83.71549563,-83.29353999,-83.04143644,-82.78313959,-115.65325962,-116.32994899,-120.34780927,-120.15687372,-119.01740548,-119.69434721,-119.83451347,-119.74301265
2568.13627255,-45.06518076,2.16976947,-81.11177507,2.16976947,-118.99274311,1.68365228,37.88096804,-39.77645483,-45.66477918,-46.47862752,-46.00202686,-46.02950582,-45.81548111,-45.55328573,-45.20128503,-75.82304915,-81.71137349,-82.52522184,-82.04862118,-82.07610013,-81.86207542,-81.59988004,-81.24787934,-116.09145553,-118.58232104,-120.71840986,-120.42697220,-119.40147415,-119.40687163,-120.33921688,-116.97522357
2611.22244489,-44.81997723,2.02731712,-80.51071338,2.02731712,-119.87762968,1.42722947,39.36691631,-39.87637622,-45.35363379,-46.10141618,-45.75127661,-45.67022809,-45.61634141,-45.21363779,-44.97690778,-75.56711236,-81.04436993,-81.79215232,-81.44201275,-81.36096424,-81.30707755,-80.90437393,-80.66764393,-116.70825415,-119.09843154,-120.62859596,-121.35897828,-120.49777190,-120.32761560,-120.36293965,-120.03845040
2654.30861723,-44.57477371,1.88663412,-79.90965168,1.88663412,-119.78609815,1.67763469,39.87644647,-39.97629760,-45.04248840,-45.72420484,-45.50052635,-45.31095036,-45.41720171,-44.87398985,-44.75253054,-75.31117558,-80.37736638,-81.05908281,-80.83540433,-80.64582834,-80.75207968,-80.20886783,-80.08740851,-115.99208952,-118.79941592,-120.30525868,-120.89277494,-120.66962055,-120.97132041,-120.15065520,-120.50765001
2697.39478958,-44.83211452,1.91410403,-79.82046876,1.91410403,-119.66768082,2.06978663,39.84721206,-40.14860615,-45.29000668,-45.90486897,-45.75087276,-45.50829080,-45.74890238,-45.19440241,-45.11096602,-75.13696039,-80.27836092,-80.89322321,-80.73922699,-80.49664503,-80.73725662,-80.18275664,-80.09932025,-115.72435077,-118.38124589,-120.72714790,-121.60992692,-119.47751312,-121.79076727,-118.53046173,-121.10003296
2740.48096192,-45.74307129,2.16423938,-80.39704227,2.16423938,-119.51581463,2.67067189,39.11877235,-40.41506244,-46.26413047,-46.81111350,-46.65295224,-46.42957632,-46.77102121,-46.37329856,-46.22741560,-75.06903342,-80.91810145,-81.46508448,-81.30692323,-81.08354730,-81.42499219,-81.02726954,-80.88138658,-116.86911643,-118.74539490,-121.34133275,-123.05235180,-116.76896832,-121.95798737,-116.28377021,-121.10759524
2783.56713427,-46.65402806,2.42075544,-80.97361579,2.42075544,-118.38736627,2.95774131,37.41375048,-40.68151872,-47.23825426,-47.71735802,-47.55503173,-47.35086185,-47.79314004,-47.55219471,-47.34386518,-75.00110644,-81.55784199,-82.03694575,-81.87461946,-81.67044958,-82.11272776,-81.87178244,-81.66345291,-116.81540352,-116.78170896,-119.91141196,-122.40692909,-113.04137912,-121.29535185,-117.84445962,-119.00228607
2826.65330661,-46.82505805,2.30971711,-80.82535246,2.30971711,-117.78928063,4.55877147,36.96392817,-41.12985867,-47.23173174,-47.88519426,-47.69077615,-47.61076139,-47.81419151,-47.70019004,-47.53776066,-75.13015307,-81.23202615,-81.88548867,-81.69107056,-81.61105579,-81.81448592,-81.70048444,-81.53805506,-117.56758798,-118.90178216,-119.82056176,-120.71984348,-106.87293497,-121.02794610,-118.97996071,-118.42362785
2869.73947896,-46.77921295,2.09623193,-80.46463694,2.09623193,-117.82944012,5.67537498,37.36480317,-41.63150935,-46.93777842,-47.83660049,-47.60190513,-47.67680641,-47.54182670,-47.54602477,-47.46125234,-75.31693334,-80.62320241,-81.52202448,-81.28732912,-81.36223040,-81.22725070,-81.23144877,-81.14667633,-116.32254370,-120.60232949,-119.18889649,-121.50967123,-104.45804352,-121.92224105,-119.59240691,-119.03938852
2912.82565130,-46.76719069,1.91441884,-80.13974305,1.91441884,-118.98272599,3.63881833,38.84298294,-42.10019351,-46.73822838,-47.81934128,-47.55522382,-47.75768956,-47.33616394,-47.42669482,-47.40399022,-75.47274587,-80.11078074,-81.19189364,-80.92777618,-81.13024192,-80.70871630,-80.79924718,-80.77654258,-119.17884737,-121.23070314,-118.81224790,-121.43984460,-110.44986130,-121.67174780,-118.88029594,-120.19825990
2955.91182365,-47.02333524,1.92171590,-80.09886341,1.92171590,-119.31037793,2.70428940,39.21151451,-42.30750025,-47.28716159,-48.05052038,-47.84304672,-47.95621790,-47.65935311,-47.58355906,-47.49932288,-75.38302843,-80.36268977,-81.12604856,-80.91857490,-81.03174608,-80.73488129,-80.65908723,-80.57485106,-117.33451704,-121.09429316,-119.30448841,-121.48138124,-113.77308160,-121.66713975,-118.80777125,-121.02035096
2998.99799599,-47.27947978,1.93882988,-80.05798378,1.93882988,-120.27853670,2.27647742,40.22055292,-42.51480698,-47.83609480,-48.28169948,-48.13086963,-48.15474624,-47.98254229,-47.74042330,-47.59465554,-75.29331098,-80.61459879,-81.06020348,-80.90937362,-80.93325024,-80.76104628,-80.51892729,-80.37315954,-119.64006540,-120.56515287,-120.82668539,-122.31311997,-115.51263010,-122.70549203,-119.16277954,-121.50236832
3042.08416834,-48.02631923,1.77820759,-80.51520325,1.77820759,-120.16688668,2.91221573,39.65168343,-43.69774124,-48.82004231,-49.03630786,-48.88006513,-48.82627272,-48.59005737,-48.26258767,-48.09747957,-76.18662526,-81.30892633,-81.52519188,-81.36894915,-81.31515674,-81.07894139,-80.75147169,-80.58636359,-119.89300860,-120.74699408,-121.26904679,-121.70726679,-113.22951288,-122.44910672,-120.48324345,-121.55691414
3085.17034068,-49.37128383,1.42615440,-81.57957313,1.42615440,-120.73125527,2.83716533,39.15168214,-46.06990193,-50.33424395,-50.42894245,-50.19164380,-50.07435314,-49.54414724,-49.23002911,-49.09700904,-78.27819122,-82.54253324,-82.63723175,-82.39993309,-82.28264244,-81.75243653,-81.43831841,-81.30529834,-120.37058202,-120.54171937,-122.05302251,-122.60685072,-114.06110378,-122.25610337,-121.28063216,-122.68002821
3128.25651303,-50.71624843,1.15653616,-82.64394300,1.15653616,-120.90689516,2.64336896,38.26295215,-48.44206262,-51.84844558,-51.82157705,-51.50322246,-51.32243357,-50.49823710,-50.19747056,-50.09653852,-80.36975719,-83.77614015,-83.74927162,-83.43091703,-83.25012814,-82.42593167,-82.12516513,-82.02423309,-119.68391264,-120.62637614,-121.99913148,-123.23890554,-115.26656103,-123.16519100,-120.47023535,-122.80484807
3171.34268537,-50.29385351,1.09821112,-81.95297114,1.09821112,-121.76819221,1.86780575,39.81522106,-48.22245229,-51.18966871,-51.49520563,-51.09416213,-50.96466724,-50.00394417,-49.72978007,-49.65094784,-79.88156993,-82.84878634,-83.15432327,-82.75327977,-82.62378487,-81.66306180,-81.38889771,-81.31006548,-120.44071126,-122.16185220,-123.10245930,-123.54945330,-118.63207111,-122.79064571,-119.90830641,-123.56003838
3214.42885772,-49.39976466,1.09256337,-80.79351281,1.09256337,-122.18939041,1.47809496,41.39587759,-47.31111930,-49.95094148,-50.71004544,-50.22587720,-50.17831343,-49.12308961,-48.87906450,-48.81966631,-78.70486745,-81.34468963,-82.10379360,-81.61962535,-81.57206158,-80.51683776,-80.27281265,-80.21341447,-120.20880468,-122.64612552,-124.06674789,-123.24115817,-120.08457411,-123.15353580,-121.30326358,-122.81091351
3257.51503006,-48.52952107,1.11720614,-79.65971745,1.11720614,-121.62616275,1.66381123,41.96644530,-46.36033292,-48.77400789,-49.93085636,-49.38109392,-49.40221704,-48.29104377,-48.07455513,-48.02206152,-77.49052930,-79.90420428,-81.06105274,-80.51129030,-80.53241343,-79.42124015,-79.20475152,-79.15225790,-119.33164348,-122.41424090,-122.62649471,-122.72792813,-118.94780649,-123.30476643,-121.05216703,-122.60425482
3300.60120240,-47.82172332,1.24363772,-78.70075110,1.24363772,-121.95438061,1.68666093,43.25362951,-45.14077032,-48.01804347,-49.19234542,-48.69641564,-48.69599937,-47.79150729,-47.58482553,-47.45387948,-76.01979811,-78.89707125,-80.07137321,-79.57544342,-79.57502716,-78.67053507,-78.46385332,-78.33290726,-121.58496802,-123.10082004,-122.49070128,-123.20961236,-118.81843940,-123.72302917,-120.14627091,-122.56120369
3343.68737475,-47.11392556,1.39734878,-77.74178475,1.39734878,-122.27538308,1.41786802,44.53359834,-43.92120773,-47.26207904,-48.45383449,-48.01173737,-47.98978171,-47.29197081,-47.09509593,-46.88569744,-74.54906691,-77.88993822,-79.08169367,-78.63959655,-78.61764089,-77.91982999,-77.72295511,-77.51355662,-122.32139634,-122.86105050,-123.14154138,-124.11764758,-119.72965294,-123.15381611,-122.12148583,-120.75647396
3386.77354709,-46.61624645,1.59837074,-76.99915608,1.59837074,-121.78984084,1.43090948,44.79068476,-42.80968639,-46.82118169,-47.88683981,-47.50972173,-47.47117410,-47.02117491,-46.82397173,-46.58622121,-73.19259602,-77.20409132,-78.26974944,-77.89263136,-77.85408374,-77.40408454,-77.20688136,-76.96913084,-120.14060295,-121.77678674,-121.99341031,-123.64693488,-120.31086061,-123.50211283,-122.65793518,-120.29008320
3429.85971944,-46.35870291,1.85694127,-76.50377048,1.85694127,-122.74250388,1.57579850,46.23873340,-41.82164076,-46.74036100,-47.51586371,-47.21646339,-47.16697801,-47.01179683,-46.80268226,-46.59383735,-71.96670833,-76.88542857,-77.66093128,-77.36153096,-77.31204558,-77.15686440,-76.94774983,-76.73890492,-121.31193915,-123.06430430,-123.43905026,-124.10172456,-119.52353853,-124.20691764,-123.32923248,-122.96332415
3472.94589178,-46.10115938,2.13573336,-76.00838489,2.13573336,-123.38509510,1.34857819,47.37671021,-40.83359514,-46.65954032,-47.14488762,-46.92320505,-46.86278191,-47.00241874,-46.78139280,-46.60145348,-70.74082065,-76.56676582,-77.05211312,-76.83043056,-76.77000742,-76.90964425,-76.68861830,-76.50867899,-122.23855127,-123.37030105,-124.51770556,-124.67535199,-120.62300342,-124.12256584,-123.72123624,-123.81204537
3516.03206413,-46.81118467,2.22896456,-76.51818775,2.22896456,-123.11861316,1.62734742,46.60042541,-41.31225188,-47.31449050,-47.80502896,-47.62033367,-47.56939535,-47.85519943,-47.58540174,-47.42737583,-71.01925496,-77.02149357,-77.51203204,-77.32733675,-77.27639842,-77.56220251,-77.29240481,-77.13437890,-121.76952469,-121.87616022,-124.58761028,-124.41941647,-120.16706737,-123.94954787,-124.22321666,-123.95636168
3559.11823647,-47.75509248,2.27718479,-77.27096662,2.27718479,-123.47562144,1.42353990,46.20465482,-42.14544264,-48.14729258,-48.71441392,-48.55686046,-48.52034354,-48.91638273,-48.58890334,-48.45110066,-71.66131678,-77.66316672,-78.23028806,-78.07273460,-78.03621767,-78.43225687,-78.10477748,-77.96697480,-121.35710108,-122.96392070,-124.48765052,-124.42569148,-121.32132777,-124.23227817,-124.22453946,-124.79246233
3602.20440882,-48.73376723,2.29222719,-78.05263630,2.29222719,-123.35144470,1.49376557,45.29880840,-43.09791742,-49.01378611,-49.65679398,-49.52334309,-49.51450024,-49.96688950,-49.60301263,-49.49389488,-72.41678648,-78.33265518,-78.97566305,-78.84221216,-78.83336931,-79.28575857,-78.92188170,-78.81276395,-122.23533632,-122.31140785,-123.61610712,-124.51210287,-120.56728753,-124.48190906,-124.57804267,-124.50936420
3645.29058116,-49.91911209,2.10024153,-79.00604574,2.10024153,-123.77791301,1.33352101,44.77186726,-44.75946941,-50.08055660,-50.79531154,-50.66789657,-50.76550755,-50.95393028,-50.68017877,-50.65004597,-73.84640306,-79.16749026,-79.88224520,-79.75483023,-79.85244121,-80.04086394,-79.76711243,-79.73697963,-122.34024487,-121.97904973,-124.86219832,-124.69135000,-122.32233578,-124.48307735,-124.25259920,-125.29244881
3688.37675351,-51.10445694,1.91146265,-79.95945519,1.91146265,-123.79129858,1.29809271,43.83184339,-46.42102139,-51.14732709,-51.93382910,-51.81245005,-52.01651487,-51.94097106,-51.75734491,-51.80619706,-75.27601964,-80.00232534,-80.78882735,-80.66744829,-80.87151311,-80.79596930,-80.61234316,-80.66119531,-121.88449414,-122.19704720,-124.61443979,-124.53599657,-122.74203795,-125.04435462,-124.32503386,-124.98698451
3731.46292585,-51.19085259,1.74265479,-79.81933623,1.74265479,-123.89804536,0.88681218,44.07870913,-46.94181510,-51.22796659,-52.11076303,-51.93961883,-52.17435784,-51.81641796,-51.64416347,-51.67171792,-75.57029874,-79.85645023,-80.73924667,-80.56810246,-80.80284148,-80.44490160,-80.27264711,-80.30020156,-122.51565882,-123.44584578,-124.42044579,-124.17917219,-122.78572845,-125.03574659,-124.38792546,-124.41383979
3774.54909820,-50.09936898,1.61872865,-78.50714816,1.61872865,-123.47995704,1.67725147,44.97280888,-46.23991761,-50.25164800,-51.25704931,-50.97633107,-51.16052191,-50.50043276,-50.25513986,-50.15391135,-74.64769679,-78.65942718,-79.66482848,-79.38411025,-79.56830108,-78.90821193,-78.66291904,-78.56169052,-122.07834125,-123.05880947,-123.47250871,-124.94912813,-120.44364737,-123.48559835,-124.71714865,-125.63447439
3817.63527054,-49.00788538,1.53787772,-77.19496009,1.53787772,-123.52243521,1.89628484,46.32747512,-45.53802013,-49.27532941,-50.40333559,-50.01304332,-50.14668598,-49.18444756,-48.86611626,-48.63610477,-73.72509484,-77.46240412,-78.59041030,-78.20011803,-78.33376069,-77.37152227,-77.05319097,-76.82317948,-120.66579205,-122.64122134,-124.10146405,-124.86521691,-120.87253898,-124.58801062,-124.94213859,-125.50309911
3860.72144289,-48.55818819,1.67542564,-76.53323179,1.67542564,-123.87207637,1.88918527,47.33884457,-44.78139120,-49.45987641,-49.97633978,-49.60150566,-49.62265342,-48.67126236,-48.30816992,-48.04430676,-72.75643481,-77.43492002,-77.95138338,-77.57654926,-77.59769702,-76.64630596,-76.28321353,-76.01935037,-121.65456349,-124.00014526,-124.29789835,-122.41774013,-121.29991286,-125.37760204,-125.72467779,-126.20407100
3903.80761523,-48.24810038,1.89373931,-76.01299962,1.89373931,-124.04916810,1.89227236,48.03616848,-44.01285642,-49.89694937,-49.64216896,-49.30999155,-49.20516899,-48.33271223,-47.93100987,-47.65394568,-71.77775566,-77.66184860,-77.40706820,-77.07489078,-76.97006822,-76.09761146,-75.69590911,-75.41884492,-122.44548906,-124.49541029,-124.66185036,-125.09677847,-120.06987891,-124.40895696,-125.59883110,-125.61614965
3946.89378758,-47.99134990,2.08513270,-75.54770024,2.08513270,-124.33798412,2.87541545,48.79028388,-43.39958995,-50.20541723,-49.38132261,-49.07382203,-48.86749109,-48.05212144,-47.61841988,-47.33261495,-70.95594030,-77.76176757,-76.93767296,-76.63017238,-76.42384143,-75.60847179,-75.17477023,-74.88896530,-122.57345013,-124.77837895,-125.81307315,-125.81023355,-117.83538395,-125.93167551,-126.02302560,-125.93865214
3989.97995992,-48.01462034,1.98888530,-75.37079806,1.98888530,-124.24988831,3.13034216,48.87909025,-43.60148215,-49.83870833,-49.50542967,-49.12821161,-48.94879746,-48.07581724,-47.64482266,-47.37369358,-70.95765988,-77.19488606,-76.86160740,-76.48438933,-76.30497518,-75.43199497,-75.00100039,-74.72987131,-123.33947464,-125.13244411,-125.23905208,-126.85539975,-117.02817721,-126.04333257,-126.20928966,-124.15193645
4033.06613226,-48.03789078,1.90272361,-75.19389588,1.90272361,-123.82249279,4.66850418,48.62859690,-43.80337435,-49.47199943,-49.62953674,-49.18260118,-49.03010382,-48.09951304,-47.67122544,-47.41477222,-70.95937946,-76.62800454,-76.78554185,-76.33860629,-76.18610893,-75.25551815,-74.82723055,-74.57077732,-124.32196184,-125.68586237,-125.93336548,-125.77642995,-112.36179178,-125.65403081,-126.03243109,-124.81406895
4076.15230461,-48.04383928,1.79223677,-75.00439082,1.79223677,-123.70047268,4.80942735,48.69608185,-44.00538659,-49.15507210,-49.59896951,-49.13976617,-49.03246316,-48.11546325,-47.77722037,-47.52637306,-70.96593814,-76.11562365,-76.55952105,-76.10031772,-75.99301471,-75.07601479,-74.73777192,-74.48692461,-124.30640392,-125.43821850,-125.80924456,-126.01794034,-111.90337209,-126.19662269,-125.19428555,-124.73769376
4119.23847695,-48.03237321,1.65496456,-74.80221549,1.65496456,-122.97250273,6.64689781,48.17028724,-44.20751952,-48.88819256,-49.41290084,-48.99918666,-48.95545330,-48.12362644,-47.96323309,-47.70887325,-70.97736180,-75.65803484,-76.18274312,-75.76902894,-75.72529558,-74.89346872,-74.73307537,-74.47871553,-124.80943968,-124.99062799,-125.66966256,-125.40579791,-106.62748598,-126.72183725,-125.44551592,-124.10965451
4162.32464930,-48.02090714,1.52776949,-74.60004015,1.52776949,-123.75387097,6.57324982,49.15383082,-44.40965245,-48.62131302,-49.22683217,-48.85860715,-48.87844344,-48.13178964,-48.14924580,-47.89137344,-70.98878546,-75.20044603,-75.80596518,-75.43774016,-75.45757645,-74.71092265,-74.72837881,-74.47050645,-125.65039113,-126.03967240,-125.98704451,-126.15807145,-107.50903932,-126.72013034,-126.32266994,-125.64394865
4205.41082164,-47.91527798,1.47597382,-74.31126282,1.47597382,-125.32756374,3.64249420,51.01630092,-44.38350084,-48.43196297,-49.00641483,-48.71848608,-48.69303700,-48.06386249,-48.12968076,-47.89527885,-70.77948568,-74.82794781,-75.40239968,-75.11447092,-75.08902185,-74.45984733,-74.52566560,-74.29126369,-125.40199763,-126.54076949,-126.24392386,-127.43482527,-116.44233424,-127.05376748,-127.01097314,-126.49191880
4248.49699399,-47.79135599,1.43996289,-74.00566154,1.43996289,-126.20304512,2.22318421,52.19738359,-44.31300095,-48.25767438,-48.77932466,-48.57845407,-48.48657263,-47.98115345,-48.07017864,-47.86448909,-70.52730651,-74.47197993,-74.99363021,-74.79275962,-74.70087819,-74.19545900,-74.28448419,-74.07879465,-125.82229277,-126.35077423,-127.07152683,-127.66010640,-120.94901434,-127.89827088,-126.92825732,-126.94411821
4291.58316633,-47.67559623,1.41349019,-73.70974748,1.41349019,-126.65479046,1.18913560,52.94504298,-44.24597085,-48.05954894,-48.60084961,-48.46452021,-48.33088941,-47.87368451,-47.99977734,-47.82952900,-70.28012209,-74.09370019,-74.63500085,-74.49867145,-74.36504065,-73.90783576,-74.03392858,-73.86368024,-125.91527151,-126.89584742,-127.68152825,-127.49303306,-124.09997448,-126.82154544,-126.68608294,-127.64504058
4334.66933868,-47.59805061,1.42683038,-73.45918724,1.42683038,-127.03466744,0.90376966,53.57548020,-44.19518561,-47.74982370,-48.64998169,-48.47277313,-48.41295428,-47.65029422,-47.87834810,-47.77504413,-70.05632223,-73.61096033,-74.51111832,-74.33390975,-74.27409091,-73.51143085,-73.73948473,-73.63618076,-126.50935819,-126.35403379,-128.06510006,-127.49364466,-125.62044281,-127.94291500,-126.49161620,-127.80022880
4377.75551102,-47.52050498,1.45261436,-73.20862700,1.45261436,-126.94592092,0.84415358,53.73729392,-44.14440036,-47.44009846,-48.69911378,-48.48102605,-48.49501915,-47.42690393,-47.75691886,-47.72055927,-69.83252238,-73.12822048,-74.38723579,-74.16914806,-74.18314117,-73.11502594,-73.44504087,-73.40868128,-126.73248567,-126.80952105,-127.23260023,-127.62567205,-125.08353275,-126.84871739,-127.61622050,-127.61861768
4420.84168337,-47.25591052,1.34703802,-72.77531988,1.34703802,-126.78746772,0.81274982,54.01214784,-44.17703854,-47.09472849,-48.39952471,-48.16458751,-48.23979357,-47.09201016,-47.44612863,-47.43347257,-69.69644789,-72.61413785,-73.91893406,-73.68399686,-73.75920292,-72.61141951,-72.96553798,-72.95288192,-126.36008497,-126.65052660,-127.40755359,-127.78423603,-125.60765678,-125.80663713,-127.14590160,-127.53714502
4463.92785571,-46.81492804,1.10974282,-72.16968150,1.10974282,-126.74326159,0.74055213,54.57358009,-44.28834543,-46.71574535,-47.77108978,-47.54196324,-47.66650134,-46.65196802,-46.95677000,-46.92704115,-69.64309889,-72.07049881,-73.12584325,-72.89671670,-73.02125480,-72.00672148,-72.31152346,-72.28179461,-126.62804994,-126.48439855,-126.60505938,-128.23140142,-125.59728641,-126.96736205,-126.43338864,-126.99914634
4507.01402806,-46.37394555,0.87358769,-71.56404313,0.87358769,-126.81098020,0.58234199,55.24693708,-44.39965231,-46.33676221,-47.14265486,-46.91933897,-47.09320910,-46.21192589,-46.46741137,-46.42060972,-69.58974989,-71.52685978,-72.33275243,-72.10943654,-72.28330668,-71.40202346,-71.65750894,-71.61070730,-126.84475498,-126.79886152,-126.86825258,-126.66961011,-125.51747305,-127.30415465,-127.06811099,-127.41662377
4550.10020040,-46.72740672,0.81143360,-71.78179868,0.81143360,-127.40160734,0.51417188,55.61980867,-44.84282666,-46.50349324,-47.30937249,-47.18039579,-47.30722598,-46.71737194,-46.97110642,-46.98746123,-69.89721862,-71.55788520,-72.36376444,-72.23478775,-72.36161794,-71.77176390,-72.02549838,-72.04185318,-126.93134693,-127.69480125,-128.41305354,-127.02428769,-127.20147799,-127.34647449,-126.90406284,-127.69735401
4593.18637275,-47.21741289,0.81875935,-72.14107505,0.81875935,-127.59992817,0.39823465,55.45885311,-45.34304073,-46.76401890,-47.61275697,-47.59333531,-47.65656162,-47.38532378,-47.64548258,-47.73878324,-70.26670290,-71.68768106,-72.53641913,-72.51699747,-72.58022378,-72.30898595,-72.56914474,-72.66244541,-127.26456009,-127.08195591,-128.07995173,-128.07379866,-127.12440379,-127.74137423,-127.69437815,-127.73900277
4636.27254509,-47.80548978,0.90119856,-72.59155739,0.90119856,-128.05522100,0.72400529,55.46366361,-45.87501162,-47.07026279,-48.03650746,-48.10727845,-48.14281699,-48.18096939,-48.44392417,-48.58714738,-70.66107923,-71.85633040,-72.82257506,-72.89334606,-72.92888459,-72.96703700,-73.22999178,-73.37321499,-127.19547447,-126.90718419,-128.64341441,-128.51006589,-127.77408483,-128.99994022,-128.35139801,-128.06020596
4679.35871743,-48.80628095,1.15897089,-73.42586478,1.15897089,-127.88614685,0.37057361,54.46028206,-46.54062580,-47.56890426,-48.96679823,-49.04627856,-49.20527625,-49.51399293,-49.76447446,-49.84389714,-71.16020963,-72.18848809,-73.58638206,-73.66586239,-73.82486008,-74.13357675,-74.38405829,-74.46348097,-127.66644524,-127.17743044,-128.26692583,-128.21369066,-127.73020185,-128.25215493,-127.88350838,-127.89881745
4722.44488978,-49.80707213,1.43578421,-74.26017218,1.43578421,-128.04718743,0.38228890,53.78701525,-47.20623999,-48.06754572,-49.89708900,-49.98527867,-50.26773551,-50.84701646,-51.08502475,-51.10064689,-71.65934004,-72.52064577,-74.35018906,-74.43837872,-74.72083557,-75.30011651,-75.53812481,-75.55374695,-128.00023658,-127.54607366,-128.15192376,-128.61792446,-127.71925204,-128.07490187,-127.74005696,-128.52713009
4765.53106212,-50.95774893,1.97359116,-75.24836398,1.97359116,-128.03221434,0.59055674,52.78385036,-47.16915617,-48.92604802,-50.96712076,-51.16123205,-51.55050471,-52.61895529,-52.70092833,-52.56804615,-71.45977121,-73.21666306,-75.25773580,-75.45184710,-75.84111976,-76.90957034,-76.99154338,-76.85866119,-127.88839819,-127.07732565,-128.61601706,-128.22650357,-127.97897080,-128.48038840,-127.31543245,-128.67467861
4808.61723447,-52.24098791,2.77632613,-76.37265455,2.77632613,-128.36577540,0.56781092,51.99312085,-46.51059069,-50.10281918,-52.16074252,-52.54675214,-53.02812089,-54.77908051,-54.57804889,-54.22174848,-70.64225733,-74.23448582,-76.29240916,-76.67841878,-77.15978753,-78.91074715,-78.70971553,-78.35341512,-127.65798982,-128.45421975,-128.88094498,-128.68137046,-127.64120684,-129.05154577,-127.84766330,-128.71126229
4851.70340681,-53.52422689,3.60239101,-77.49694513,3.60239101,-128.37635019,0.67865848,50.87940507,-45.85202522,-51.27959035,-53.35436429,-53.93227223,-54.50573706,-56.93920573,-56.45516944,-55.87545081,-69.82474346,-75.25230859,-77.32708252,-77.90499047,-78.47845530,-80.91192397,-80.42788767,-79.84816904,-127.66919221,-129.78765493,-127.74025608,-127.98060282,-128.27213060,-128.72271530,-128.55415498,-128.28409461
4894.78957916,-54.72068930,3.50480731,-78.54072008,3.50480731,-128.23158507,0.35926160,49.69086499,-46.40618747,-53.96751208,-55.25992301,-55.98948199,-56.63784939,-57.32297930,-56.39503082,-55.78655032,-70.22621825,-77.78754286,-79.07995379,-79.80951277,-80.45788017,-81.14301008,-80.21506160,-79.60658110,-128.37577707,-128.24588739,-127.76975527,-128.64589226,-127.60264652,-128.38806193,-128.49031396,-128.33434616
4937.87575150,-55.90410860,3.70348413,-79.57239299,3.70348413,-128.53419848,0.67354526,48.96180549,-47.14263087,-56.88256994,-57.27249066,-58.14765123,-58.86833690,-57.43975522,-56.04370908,-55.43572488,-70.81091527,-80.55085433,-80.94077505,-81.81593562,-82.53662129,-81.10803961,-79.71199347,-79.10400927,-128.82052233,-128.27904903,-128.79576848,-129.43018036,-127.49279186,-128.81273288,-128.99379376,-127.64874911
4980.96192385,-56.62919349,4.02437010,-80.14716864,4.02437010,-128.72533776,0.41388575,48.57816912,-48.00705535,-59.12206165,-58.92116068,-59.65120997,-60.24255202,-57.01036794,-55.33288709,-54.74625323,-71.52503050,-82.64003680,-82.43913583,-83.16918511,-83.76052716,-80.52834308,-78.85086224,-78.26422837,-128.15832450,-128.64260840,-128.61639066,-129.28795643,-128.21290694,-129.11764593,-128.68866270,-129.07820649
5024.04809619,-55.60908199,3.65831398,-78.98222009,3.65831398,-128.91518113,0.38879103,49.93296104,-49.35879236,-58.78920536,-59.18422050,-58.66221332,-58.35634532,-54.50135924,-53.25319879,-52.76732101,-72.73193046,-82.16234346,-82.55735860,-82.03535142,-81.72948342,-77.87449735,-76.62633689,-76.14045911,-128.27208962,-129.67270984,-128.94366385,-128.96880164,-128.92346183,-128.75295783,-128.75296714,-129.03479729
5067.13426854,-54.58897049,3.77029155,-77.81727154,3.77029155,-129.02240662,0.35496496,51.20513507,-50.71052937,-58.45634907,-59.44728032,-57.67321668,-56.47013862,-51.99235055,-51.17351049,-50.78838879,-73.93883043,-81.68465013,-82.67558138,-80.90151773,-79.69843967,-75.22065161,-74.40181155,-74.01668984,-129.03770195,-128.63308470,-128.91490060,-128.71088137,-128.94787745,-129.14192795,-128.99522333,-129.79765558
5110.22044088,-53.53316093,3.51392131,-76.62026607,3.51392131,-129.18610274,0.45934951,52.56583667,-52.17980680,-57.39871546,-58.19351363,-56.07420975,-54.72991933,-50.36591143,-49.80655910,-49.51665198,-75.26691194,-80.48582059,-81.28061876,-79.16131489,-77.81702447,-73.45301657,-72.89366423,-72.60375711,-128.80757576,-128.59270847,-129.60874712,-129.11749028,-128.86315380,-129.83934243,-128.99381881,-129.66598526
5153.30661323,-52.44774812,2.91190254,-75.39667681,2.91190254,-128.74802374,0.72647251,53.35134693,-53.74655677,-55.74004698,-55.68189079,-53.96934063,-53.11076278,-49.47135928,-49.03065781,-48.83136989,-76.69548546,-78.68897567,-78.63081948,-76.91826932,-76.05969147,-72.42028797,-71.97958650,-71.78029858,-128.59463799,-129.19628849,-129.32746502,-129.15919764,-127.75498238,-129.16745490,-127.51185210,-129.27231143
5196.39278557,-51.36233530,2.78519823,-74.17308755,2.78519823,-128.74170503,0.99955836,54.56861749,-55.31330674,-54.08137851,-53.17026796,-51.86447152,-51.49160623,-48.57680713,-48.25475653,-48.14608781,-78.12405899,-76.89213075,-75.98102020,-74.67522376,-74.30235847,-71.38755938,-71.06550878,-70.95684005,-128.32401612,-129.24656328,-129.16813899,-130.16309551,-127.66640165,-128.99133026,-127.06268184,-129.31141264
5239.47895792,-50.44485345,3.16938906,-73.12314561,3.16938906,-128.32253383,1.32063371,55.19938822,-56.21665873,-52.84510435,-51.76315736,-50.54988142,-50.22463061,-47.62129482,-47.23438221,-47.10371807,-78.89495089,-75.52339651,-74.44144952,-73.22817358,-72.90292278,-70.29958698,-69.91267438,-69.78201024,-127.99741193,-128.77524550,-128.80701117,-129.43174770,-125.49212629,-129.76752957,-127.78233299,-128.52686548
5282.56513026,-49.54912168,3.66302703,-72.09569414,3.66302703,-128.30723712,2.20108225,56.21154299,-57.03408869,-51.66353788,-50.49910105,-49.33764672,-49.00326880,-46.65788706,-46.18234422,-46.01509903,-79.58066115,-74.21011034,-73.04567351,-71.88421918,-71.54984125,-69.20445952,-68.72891668,-68.56167149,-128.90072021,-128.73961097,-128.98850908,-129.93792886,-123.35896571,-129.98575047,-127.05958075,-129.48683094
5325.65130261,-48.49911649,3.82383433,-70.91537950,3.82383433,-128.10709355,2.67475298,57.19171405,-56.67754978,-50.35354153,-49.17307300,-48.09863150,-47.77784532,-45.71128382,-45.19618529,-45.00482167,-79.09381279,-72.76980454,-71.58933601,-70.51489451,-70.19410833,-68.12754683,-67.61244830,-67.42108468,-128.65476526,-128.55370610,-129.32099997,-129.63977344,-121.71639803,-130.15506800,-127.88756678,-128.92847085
5368.73747495,-46.91466406,2.66048162,-69.20550316,2.66048162,-128.68161313,2.13201719,59.47610996,-52.25404731,-48.59862734,-47.63235709,-46.76684086,-46.53835111,-44.82289625,-44.43825027,-44.26594225,-74.54488642,-70.88946644,-69.92319620,-69.05767996,-68.82919021,-67.11373536,-66.72908937,-66.55678135,-129.12886279,-129.42525378,-129.61135405,-129.68634833,-123.49483176,-130.06984190,-128.75833447,-129.27807794
5411.82364729,-45.33021163,1.56093345,-67.49562683,1.56093345,-129.19456083,1.17658711,61.69893400,-47.83054484,-46.84371314,-46.09164119,-45.43505022,-45.29885689,-43.93450869,-43.68031525,-43.52706283,-69.99596004,-69.00912834,-68.25705639,-67.60046541,-67.46427209,-66.09992389,-65.84573045,-65.69247803,-128.29914769,-129.39090892,-131.16015871,-129.42360993,-127.09265145,-129.75683227,-128.90115092,-129.53202672
5454.90981964,-44.86743353,0.96373153,-66.91089813,0.96373153,-129.00797207,1.23985081,62.09707395,-45.64936618,-46.05729143,-45.67833618,-45.16370722,-45.08586498,-43.94682834,-43.74659637,-43.61147757,-67.69283077,-68.10075602,-67.72180078,-67.20717181,-67.12932957,-65.99029293,-65.79006096,-65.65494216,-128.63074604,-129.02049282,-130.63290220,-129.44949735,-126.38590712,-129.95992022,-128.97116384,-129.01314701
5497.99599198,-45.27647814,0.71741279,-67.20069175,0.71741279,-128.97939494,1.56762725,61.77870319,-45.21103636,-46.02363164,-46.14131263,-45.71659841,-45.67072320,-44.65922374,-44.45350046,-44.33579867,-67.13524998,-67.94784525,-68.06552624,-67.64081202,-67.59493681,-66.58343735,-66.37771408,-66.26001229,-128.29034132,-129.58187069,-130.14921012,-129.44244972,-125.36429086,-130.10392864,-129.48426641,-129.41880178
5541.08216433,-45.68552274,0.67627677,-67.49048538,0.67627677,-128.36126438,3.49205146,60.87077900,-44.77270655,-45.98997185,-46.60428908,-46.26948960,-46.25558142,-45.37161913,-45.16040456,-45.06011977,-66.57766918,-67.79493448,-68.40925171,-68.07445223,-68.06054405,-67.17658177,-66.96536719,-66.86508241,-127.81800707,-129.58139440,-130.47777509,-130.18326573,-119.96070354,-130.14595249,-129.46710518,-129.25591151
5584.16833667,-46.71689992,0.78884454,-68.42819421,0.78884454,-127.87211138,4.23054381,59.44391717,-45.38408597,-46.60913898,-47.73038561,-47.44875474,-47.47517763,-46.54521584,-46.31268488,-46.22975575,-67.09538025,-68.32043326,-69.44167989,-69.16004903,-69.18647191,-68.25651012,-68.02397916,-67.94105003,-128.44220649,-129.21170327,-129.36244914,-129.69046933,-117.46229640,-130.01950280,-129.27831033,-129.50995330
5627.25450902,-47.81640226,0.95004382,-69.43682867,0.95004382,-128.97330414,1.97322655,59.53647547,-46.11037439,-47.29976941,-48.92907220,-48.69658745,-48.76425699,-47.76929908,-47.51371940,-47.44813921,-67.73080079,-68.92019581,-70.54949861,-70.31701385,-70.38468339,-69.38972548,-69.13414581,-69.06856561,-129.11938368,-129.54683298,-129.60535648,-129.99630351,-124.16982133,-129.69332929,-129.37648747,-130.27891839
5670.34068136,-48.72685507,1.03482579,-70.24831914,1.03482579,-129.45391907,1.05760518,59.20559993,-46.99934657,-48.01419025,-49.97025716,-49.71318272,-49.80710106,-48.64394141,-48.36151924,-48.30530212,-68.52081064,-69.53565432,-71.49172123,-71.23464679,-71.32856513,-70.16540548,-69.88298331,-69.82676619,-128.74697614,-129.16620536,-130.27318002,-129.41865641,-127.31512150,-130.56034781,-130.03345791,-130.11740738
5713.42685371,-49.03865100,0.99617408,-70.43552029,0.99617408,-129.75109975,0.85136407,59.31557946,-48.40348402,-48.80394743,-50.51268695,-49.99752610,-50.07020008,-48.41202086,-48.09074259,-48.01859997,-69.80035332,-70.20081672,-71.90955624,-71.39439539,-71.46706938,-69.80889015,-69.48761189,-69.41546926,-129.61579173,-130.48910283,-130.77000010,-129.49239575,-127.97954777,-130.13960759,-129.52017289,-130.00217936
5756.51302605,-49.35044693,1.27275926,-70.62272145,1.27275926,-129.60914850,0.54444854,58.98642704,-49.80762147,-49.59370460,-51.05511673,-50.28186948,-50.33329910,-48.18010031,-47.81996594,-47.73189781,-71.07989599,-70.86597912,-72.32739125,-71.55414400,-71.60557362,-69.45237483,-69.09224046,-69.00417233,-129.84481181,-129.57256340,-130.58501560,-129.39373638,-128.73748788,-129.87250718,-129.18001451,-129.68705121
5799.59919840,-49.64498718,1.64606213,-70.79603544,1.64606213,-129.81599630,0.50738299,59.01996086,-51.90238351,-49.96475061,-51.20273666,-50.35662270,-50.34449987,-48.04349945,-47.70144418,-47.64396045,-73.05343177,-71.11579887,-72.35378492,-71.50767097,-71.49554814,-69.19454771,-68.85249245,-68.79500871,-129.20626613,-129.49010270,-130.21302652,-129.83876195,-129.08670776,-130.50446519,-130.04355447,-130.14508568
5842.68537074,-49.92696338,2.27237942,-70.95923804,2.27237942,-130.00977203,0.64287476,59.05053399,-54.49999663,-50.03092858,-51.06289134,-50.27877110,-50.17229086,-47.97630186,-47.69378083,-47.70074583,-75.53227129,-71.06320324,-72.09516600,-71.31104576,-71.20456552,-69.00857652,-68.72605549,-68.73302049,-128.98887730,-129.86140394,-130.37178252,-130.34651082,-129.10575287,-130.49079596,-130.71779096,-130.19526187
5885.77154309,-50.20893958,3.06321945,-71.12244064,3.06321945,-129.88310247,0.62137685,58.76066183,-57.09760975,-50.09710655,-50.92304603,-50.20091950,-50.00008185,-47.90910426,-47.68611748,-47.75753122,-78.01111081,-71.01060760,-71.83654708,-71.11442056,-70.91358290,-68.82260532,-68.59961854,-68.67103228,-129.35110753,-129.44465450,-129.51042889,-130.85589359,-129.48273744,-130.68045767,-129.45391073,-130.28562937
5928.85771543,-50.52771176,3.05681315,-71.32758715,3.05681315,-129.80344792,0.41225147,58.47586077,-57.53163959,-50.86564536,-50.89079277,-50.19683935,-50.02037326,-48.32671006,-48.11764724,-48.27204641,-78.33151498,-71.66552075,-71.69066816,-70.99671474,-70.82024865,-69.12658545,-68.91752263,-69.07192180,-129.07953589,-129.93203165,-129.84061077,-129.44589706,-129.85160480,-130.51420156,-129.88772329,-129.87597832
5971.94388778,-50.84979985,3.00284137,-71.53651348,3.00284137,-129.84459914,0.73394660,58.30808566,-57.77069535,-51.69747832,-50.86823532,-50.19940721,-50.05801210,-48.78800454,-48.58875544,-48.82781051,-78.45740898,-72.38419195,-71.55494895,-70.88612084,-70.74472574,-69.47471817,-69.27546908,-69.51452415,-128.40652360,-129.66246618,-130.65084090,-130.33502489,-129.40988425,-130.57431585,-129.68990770,-130.02782977
6015.03006012,-51.35778628,2.66570855,-71.93272806,2.66570855,-129.76724070,0.92352054,57.83451264,-57.27745136,-52.73827675,-51.40680781,-50.71866506,-50.58195548,-49.45350317,-49.21143192,-49.47419868,-77.85239314,-73.31321853,-71.98174958,-71.29360683,-71.15689726,-70.02844495,-69.78637370,-70.04914045,-128.32233454,-129.81508232,-130.79619137,-130.17473348,-129.60031838,-130.44755598,-128.48787705,-130.49383244
6058.11623246,-52.40603975,1.77188853,-72.87324906,1.77188853,-129.89269086,1.07617001,57.01944179,-54.65596123,-54.38638108,-53.57616421,-52.73955319,-52.51922142,-50.71247015,-50.27460372,-50.38396303,-75.12317054,-74.85359039,-74.04337352,-73.20676250,-72.98643073,-71.17967946,-70.74181303,-70.85117234,-129.84007854,-130.97965118,-130.19204707,-130.37670815,-130.20920223,-130.10729559,-127.35920953,-130.07733458
6101.20240481,-53.45429323,1.99928486,-73.81377007,1.99928486,-129.89247382,1.16308525,56.07870375,-52.03447109,-56.03448541,-55.74552062,-54.76044132,-54.45648736,-51.97143713,-51.33777551,-51.29372739,-72.39394793,-76.39396225,-76.10499746,-75.11991817,-74.81596420,-72.33091397,-71.69725235,-71.65320423,-129.58536423,-130.05387099,-130.35972346,-130.67607905,-130.33608121,-130.34073263,-127.14398363,-130.64395540
6144.28857715,-52.63107065,2.28183120,-72.88595416,2.28183120,-130.42867267,0.75146787,57.54271851,-50.32126975,-55.62643663,-55.16243645,-54.18408180,-53.75634082,-51.21685171,-50.47519979,-50.30594829,-70.57615325,-75.88132013,-75.41731995,-74.43896530,-74.01122432,-71.47173522,-70.73008330,-70.56083180,-130.35617969,-130.55100529,-131.35193116,-130.46446153,-129.59687617,-131.29973708,-129.17006572,-130.63912470
6187.37474950,-50.53222315,2.16422666,-70.68465299,2.16422666,-130.30924836,0.78123803,59.62459537,-49.22717108,-53.81688437,-52.70324928,-51.83740100,-51.25849608,-49.08980009,-48.30000694,-48.02477636,-69.37960092,-73.96931422,-72.85567912,-71.98983084,-71.41092592,-69.24222993,-68.45243679,-68.17720620,-129.58785628,-130.45089906,-131.53656764,-130.95910241,-130.60123921,-130.48969031,-129.18017762,-129.66845434
6230.46092184,-48.43337565,2.14123093,-68.48335183,2.14123093,-130.29592383,0.68091402,61.81257200,-48.13307241,-52.00733212,-50.24406212,-49.49072020,-48.76065135,-46.96274846,-46.12481409,-45.74360443,-68.18304859,-72.05730830,-70.29403829,-69.54069638,-68.81062753,-67.01272464,-66.17479027,-65.79358060,-130.43353303,-129.91016863,-130.23981903,-130.79378732,-129.98623247,-130.87499650,-128.99476976,-131.13408390
6273.54709419,-47.69324090,1.99226799,-67.64558255,1.99226799,-130.13186981,0.87667615,62.48628725,-48.13103874,-50.97059040,-49.27950755,-48.51044052,-47.83761057,-46.20385812,-45.43767305,-45.17520824,-68.08338039,-70.92293205,-69.23184920,-68.46278217,-67.78995222,-66.15619977,-65.39001470,-65.12754989,-129.55426379,-130.43601001,-130.34419628,-129.89865802,-130.80592176,-130.92284263,-128.30373274,-130.78933322
6316.63326653,-47.05015707,1.87696361,-66.90520841,1.87696361,-130.20065825,0.77338911,63.29544984,-48.20700972,-49.98904944,-48.42171245,-47.62776093,-47.02705579,-45.54269359,-44.85682143,-44.72915318,-68.06206107,-69.84410078,-68.27676379,-67.48281227,-66.88210714,-65.39774494,-64.71187278,-64.58420452,-129.03780394,-130.21128347,-130.21150208,-130.63628883,-131.07778035,-130.55579887,-129.04001721,-130.83479125
6359.71943888,-46.58509232,1.84897835,-66.34423589,1.84897835,-129.53199784,0.77303108,63.18776196,-48.39908373,-49.29935409,-47.75009830,-46.94246904,-46.40889897,-45.03836254,-44.43430755,-44.40816431,-68.15822730,-69.05849766,-67.50924188,-66.70161261,-66.16804254,-64.79750611,-64.19345112,-64.16730789,-128.96633734,-128.94384289,-129.29581278,-130.20031497,-130.10977946,-130.25861306,-128.24486721,-130.23641504
6402.80561122,-46.59649041,1.93837260,-66.26342652,1.93837260,-129.82078583,0.57112797,63.55735931,-48.90190408,-49.39077498,-47.57679200,-46.78547956,-46.30568960,-44.95379168,-44.43557996,-44.42191144,-68.56884019,-69.05771108,-67.24372811,-66.45241567,-65.97262571,-64.62072778,-64.10251607,-64.08884755,-129.55716929,-129.16344588,-130.98849064,-129.70733767,-130.24016865,-129.92721299,-129.51237125,-129.47009027
6445.89178357,-46.60788850,2.04718048,-66.18261715,2.04718048,-130.59128350,0.48173338,64.40866635,-49.40472443,-49.48219586,-47.40348569,-46.62849008,-46.20248023,-44.86922081,-44.43685237,-44.43565856,-68.97945308,-69.05692451,-66.97821434,-66.20321872,-65.77720888,-64.44394946,-64.01158102,-64.01038721,-131.33498516,-130.77567654,-130.80655279,-130.65755120,-130.31632381,-130.47487938,-129.65172038,-130.71257872
6488.97795591,-46.41361530,1.96722677,-65.89921063,1.96722677,-130.36530903,0.62375861,64.46609840,-49.32215272,-49.03085054,-47.11487978,-46.35954974,-45.99219629,-44.72915906,-44.37559471,-44.38453957,-68.80774805,-68.51644588,-66.60047511,-65.84514507,-65.47779162,-64.21475439,-63.86119004,-63.87013490,-129.94097516,-130.31763283,-130.54226323,-131.04686683,-130.88787664,-130.52158282,-129.06439881,-130.60087592
6532.06412826,-46.08821542,1.76381775,-65.48663737,1.76381775,-129.93338700,0.77307915,64.44674962,-48.86636161,-48.23346215,-46.75276407,-46.01923462,-45.71364646,-44.55371884,-44.27447070,-44.29206488,-68.26478357,-67.63188411,-66.15118603,-65.41765658,-65.11206842,-63.95214080,-63.67289266,-63.69048684,-130.71413064,-129.56093485,-130.88735224,-130.79519167,-129.45241785,-129.63699189,-128.75348959,-129.66658726
6575.15030060,-45.76281553,1.56780278,-65.07406412,1.56780278,-130.16437398,0.42359443,65.09030986,-48.41057050,-47.43607376,-46.39064836,-45.67891950,-45.43509664,-44.37827862,-44.17334670,-44.19959019,-67.72181909,-66.74732234,-65.70189695,-64.99016808,-64.74634522,-63.68952720,-63.48459529,-63.51083877,-130.26607885,-130.18109138,-130.33592099,-130.74099320,-129.53632209,-130.15324283,-129.56949843,-130.53184404
6618.23647295,-45.43845477,1.16751542,-64.66728746,1.16751542,-130.42495020,0.52739014,65.75766274,-47.29582870,-46.69901819,-46.03671005,-45.43132397,-45.23529328,-44.33393132,-44.22603615,-44.24949645,-66.52466140,-65.92785088,-65.26554274,-64.66015666,-64.46412597,-63.56276401,-63.45486884,-63.47832914,-130.47316786,-130.75394181,-130.71942049,-130.43243395,-129.66433670,-130.74085878,-129.58528178,-131.03016019
6661.32264529,-45.11414946,0.76792120,-64.26082017,0.76792120,-130.56644197,0.38784765,66.30562181,-46.14591819,-45.96518264,-45.68320818,-45.18867697,-45.03969269,-44.29658056,-44.28693473,-44.30700170,-65.29258890,-65.11185335,-64.82987888,-64.33534768,-64.18636340,-63.44325127,-63.43360544,-63.45367241,-130.62210085,-130.08511658,-131.15187919,-130.71697318,-130.92247521,-130.60752408,-130.40527574,-130.02019094
6704.40881764,-45.03471789,0.42963620,-64.10179261,0.42963620,-130.37065381,0.59480221,66.26886120,-45.20761339,-45.58887599,-45.55219255,-45.17262482,-45.05941228,-44.49648870,-44.58392709,-44.61660829,-64.27468811,-64.65595072,-64.61926728,-64.23969954,-64.12648701,-63.56356342,-63.65100182,-63.68368301,-131.05457398,-130.48434996,-130.78578661,-131.19286172,-130.12565539,-129.85490577,-129.66402697,-129.80307011
6747.49498998,-45.56066863,0.40694205,-64.55449109,0.40694205,-130.13947270,0.62647735,65.58498162,-44.79244494,-46.09646028,-45.97121240,-45.71676552,-45.61145123,-45.28295357,-45.46459572,-45.54946541,-63.78626739,-65.09028274,-64.96503485,-64.71058798,-64.60527368,-64.27677602,-64.45841818,-64.54328786,-129.38890664,-129.31760982,-130.29098038,-130.52198629,-129.93107003,-131.21858504,-129.98118396,-130.46545946
6790.58116232,-46.08661938,0.71131888,-65.00718956,0.71131888,-131.32019413,0.37127804,66.31300457,-44.37727649,-46.60404457,-46.39023225,-46.26090622,-46.16349017,-46.06941844,-46.34526435,-46.48232253,-63.29784667,-65.52461475,-65.31080243,-65.18147641,-65.08406035,-64.98998862,-65.26583453,-65.40289271,-131.00763302,-131.59672175,-131.28355097,-131.80089296,-130.75692103,-131.51244807,-130.98276250,-131.62062274
6833.66733467,-46.91687950,0.86612584,-65.75402904,0.86612584,-131.35111763,0.46014461,65.59708859,-44.80281120,-47.35777335,-47.22249231,-47.17188568,-47.14846139,-46.96270829,-47.22342396,-47.44547979,-63.63996074,-66.19492290,-66.05964186,-66.00903523,-65.98561094,-65.79985784,-66.06057350,-66.28262933,-131.21256883,-131.44204286,-131.52469845,-131.80990976,-131.21957759,-131.39681700,-130.37015743,-131.83316913
6876.75350701,-47.92843031,0.90359117,-66.67610147,0.90359117,-131.13408924,0.67762449,64.45798777,-45.72919033,-48.25814140,-48.30093805,-48.30140737,-48.39134972,-47.91963855,-48.10008883,-48.42668820,-64.47686150,-67.00581256,-67.04860921,-67.04907853,-67.13902089,-66.66730971,-66.84775999,-67.17435936,-130.64348100,-131.28370581,-131.53810634,-131.43110677,-131.31511124,-131.98690083,-129.74138110,-131.13292081
6919.83967936,-48.93998112,0.95668376,-67.59817389,0.95668376,-131.52726354,1.07360170,63.92908965,-46.65556947,-49.15850945,-49.37938378,-49.43092906,-49.63423806,-48.87656880,-48.97675370,-49.40789661,-65.31376225,-67.81670223,-68.03757655,-68.08912183,-68.29243083,-67.53476158,-67.63494647,-68.06608939,-130.13784644,-130.50464535,-132.58003372,-132.46969202,-131.36489829,-132.02917567,-130.37966334,-132.75215349
6962.92585170,-49.85182879,0.81571289,-68.42513676,0.81571289,-131.62398075,0.48182159,63.19884399,-48.21798730,-49.67322277,-50.54194647,-50.54966759,-50.77819082,-49.71019683,-49.51353084,-49.82988774,-66.79129526,-68.24653073,-69.11525444,-69.12297555,-69.35149878,-68.28350480,-68.08683881,-68.40319570,-130.94026672,-131.06294489,-132.24730260,-132.04375166,-131.35213955,-132.06823320,-131.58196917,-131.69523822
7006.01202405,-50.76009597,0.85957772,-69.24868409,0.85957772,-131.52052768,1.13171093,62.27184359,-49.80324629,-50.17408661,-51.70752995,-51.66801887,-51.91859064,-50.53939688,-50.03810207,-50.23179648,-68.29183440,-68.66267472,-70.19611806,-70.15660699,-70.40717876,-69.02798499,-68.52669019,-68.72038460,-132.29282994,-131.28015711,-132.39472605,-132.04218675,-128.90634141,-132.13362247,-131.38073349,-131.73362422
7049.09819639,-51.69397479,1.05599317,-70.09924901,1.05599317,-131.58862420,1.30847140,61.48937519,-52.50717682,-50.95093377,-52.75568623,-52.57724040,-52.77940559,-51.10333095,-50.37508962,-50.50293493,-70.91245104,-69.35620799,-71.16096045,-70.98251462,-71.18467981,-69.50860517,-68.78036384,-68.90820915,-131.05195822,-131.78378700,-132.65093319,-132.76894300,-128.64608343,-132.17830638,-131.69485219,-131.93413018
7092.18436874,-52.68649077,2.39672203,-71.01166999,2.39672203,-131.44265152,2.17330949,60.43098153,-57.77227643,-52.35963748,-53.53499606,-53.00766483,-53.00011831,-51.05994556,-50.28260926,-50.47467822,-76.09745565,-70.68481670,-71.86017528,-71.33284406,-71.32529753,-69.38512478,-68.60778848,-68.79985744,-131.88909729,-132.31890729,-132.53300203,-132.88128862,-126.19063746,-132.51954856,-131.46018092,-131.74854999
7135.27054108,-53.67900675,4.10520794,-71.92409097,4.10520794,-131.72670674,1.65424969,59.80261577,-63.03737603,-53.76834119,-54.31430588,-53.43808927,-53.22083103,-51.01656016,-50.19012889,-50.44642151,-81.28246026,-72.01342542,-72.55939011,-71.68317350,-71.46591526,-69.26164439,-68.43521312,-68.69150574,-131.00479645,-132.58519954,-132.68838635,-132.71051463,-128.00803439,-133.17316860,-131.64001935,-132.00353464
7178.35671343,-53.45338231,4.54261930,-71.62127497,4.54261930,-131.88285171,1.40079330,60.26157674,-63.87135731,-54.06715837,-53.90392658,-52.91438503,-52.62750864,-50.45312756,-49.76702734,-50.02256764,-82.03924997,-72.23505103,-72.07181925,-71.08227769,-70.79540131,-68.62102022,-67.93492000,-68.19046031,-130.32231773,-132.20545762,-132.46187764,-132.97465686,-129.08856776,-132.70801529,-132.64973571,-132.65218507
7221.44288577,-52.55045158,4.26119548,-70.64276704,4.26119548,-132.31950101,0.87389469,61.67673397,-62.24156325,-53.74886021,-52.83206038,-51.86016942,-51.58156922,-49.60054008,-49.16009492,-49.37875520,-80.33387870,-71.84117567,-70.92437584,-69.95248487,-69.67388468,-67.69285553,-67.25241037,-67.47107065,-130.62314298,-131.74178165,-132.56451300,-133.41344215,-131.87621840,-132.85165049,-132.88397477,-132.60128461
7264.52905812,-51.64752086,3.99928346,-69.66425911,3.99928346,-132.36400830,0.63822043,62.69974919,-60.61176919,-53.43056205,-51.76019419,-50.80595380,-50.53562981,-48.74795259,-48.55316250,-48.73494275,-78.62850743,-71.44730030,-69.77693243,-68.82269205,-68.55236805,-66.76469084,-66.56990074,-66.75168099,-131.08295368,-132.03502330,-133.15038997,-132.41247246,-132.24466262,-132.86924849,-132.29797403,-132.81934185
7307.61523046,-50.77531940,2.94390231,-68.72083888,2.94390231,-132.93118021,0.97115232,64.21034133,-57.01130759,-52.62848523,-51.18159502,-50.30606177,-49.93975351,-48.50491119,-48.28527686,-48.34516400,-74.95682707,-70.57400471,-69.12711451,-68.25158126,-67.88527300,-66.45043068,-66.23079634,-66.29068349,-131.11986628,-132.60385363,-133.36520383,-134.12230788,-133.19668820,-132.72102889,-132.32742162,-133.99307136
7350.70140281,-49.90370246,1.94504482,-67.77808609,1.94504482,-132.73833925,0.55562459,64.96025316,-53.37336046,-51.81720609,-50.61237866,-49.81671394,-49.35243819,-48.27346441,-48.02384047,-47.96021742,-71.24774410,-69.69158972,-68.48676229,-67.69109758,-67.22682183,-66.14784804,-65.89822411,-65.83460105,-131.93396545,-132.53673503,-133.20211743,-133.41193096,-132.66004575,-132.82706223,-132.04273060,-133.29212652
7393.78757515,-49.21427729,1.36565192,-67.01893200,1.36565192,-132.69907246,0.90067601,65.68014046,-50.65637253,-51.22980833,-50.12212639,-49.39547377,-48.84281248,-48.07630731,-47.76860955,-47.62270797,-68.46102724,-69.03446303,-67.92678110,-67.20012847,-66.64746719,-65.88096201,-65.57326426,-65.42736268,-131.33165133,-132.07234280,-133.41628119,-133.92794083,-132.57597650,-132.84994179,-131.88664608,-133.53179912
7436.87374749,-48.91200965,1.30973577,-66.64992515,1.30973577,-133.09094824,0.49668458,66.44102309,-49.89642286,-51.11815849,-49.79967285,-49.11896235,-48.49827718,-47.95201576,-47.52656525,-47.38600243,-67.63433837,-68.85607400,-67.53758835,-66.85687786,-66.23619268,-65.68993126,-65.26448075,-65.12391793,-132.82489894,-132.68596583,-132.83336505,-133.99991282,-132.67233213,-133.36029970,-132.76464147,-133.58616998
7479.95991984,-48.60974200,1.28381158,-66.28091830,1.28381158,-133.15560249,0.78807648,66.87468419,-49.13647320,-51.00650866,-49.47721931,-48.84245094,-48.15374187,-47.82772421,-47.28452094,-47.14929688,-66.80764950,-68.67768496,-67.14839561,-66.51362724,-65.82491817,-65.49890051,-64.95569724,-64.82047318,-131.70107765,-133.31045986,-133.19381840,-134.29818159,-132.83753809,-133.78804554,-132.62160378,-133.49409505
7523.04609218,-48.24746439,1.21258223,-65.85478757,1.21258223,-133.01887379,0.70186627,67.16408622,-48.72965460,-50.55228400,-49.04128135,-48.43082877,-47.77947374,-47.54448755,-47.01575560,-46.88594952,-66.33697777,-68.15960718,-66.64860453,-66.03815194,-65.38679692,-65.15181072,-64.62307878,-64.49327270,-131.88614894,-133.67640852,-133.08167934,-133.27770043,-133.90597467,-133.39628786,-132.22312625,-132.70366432
7566.13226453,-47.85408849,1.11241201,-65.39905417,1.11241201,-133.33080380,0.57638330,67.93174963,-48.50583508,-49.92053069,-48.54653365,-47.94918968,-47.38979750,-47.17888255,-46.73314292,-46.60879587,-66.05080076,-67.46549636,-66.09149933,-65.49415535,-64.93476318,-64.72384823,-64.27810860,-64.15376155,-132.73195672,-133.15741407,-133.71465273,-133.84172589,-132.72146760,-134.30925802,-133.28364385,-132.88631150
7609.21843687,-47.46071260,1.02066915,-64.94332078,1.02066915,-133.33892655,0.58786689,68.39560578,-48.28201557,-49.28877737,-48.05178595,-47.46755058,-47.00012126,-46.81327756,-46.45053024,-46.33164223,-65.76462375,-66.77138555,-65.53439413,-64.95015876,-64.48272944,-64.29588574,-63.93313842,-63.81425041,-132.81532483,-133.47862446,-133.82167432,-133.89716222,-132.83950418,-133.86992046,-132.35731446,-133.63188751
7652.30460922,-47.36908775,1.02459190,-64.79371844,1.02459190,-133.71283025,0.27922799,68.91911180,-48.46448995,-49.01429423,-47.92845831,-47.41342253,-46.92583919,-46.68181914,-46.32461067,-46.19976794,-65.88912065,-66.43892493,-65.35308901,-64.83805322,-64.35046989,-64.10644984,-63.74924137,-63.62439864,-133.77475387,-133.40557718,-134.07037458,-133.96205223,-133.98600767,-133.68144065,-133.41558517,-133.40685061
7695.39078156,-47.27826972,1.04468303,-64.64493464,1.04468303,-133.87627496,0.14203036,69.23134032,-48.64805068,-48.74076635,-47.80612377,-47.36043755,-46.85240042,-46.55098678,-46.19911006,-46.06828211,-66.01471560,-66.10743128,-65.17278869,-64.72710247,-64.21906535,-63.91765171,-63.56577499,-63.43494703,-134.11244410,-133.78836528,-133.81613151,-133.74159423,-133.88418685,-133.81731353,-134.07942737,-133.77073682
7738.47695391,-47.28328898,1.04516718,-64.59486952,1.04516718,-134.05452127,0.53460145,69.45965175,-48.78949537,-48.62202277,-47.76599535,-47.39343218,-46.86720624,-46.55313424,-46.20370053,-46.07132517,-66.10107591,-65.93360331,-65.07757589,-64.70501272,-64.17878678,-63.86471478,-63.51528107,-63.38290571,-133.69031318,-134.31349247,-134.35397163,-134.32903033,-134.18551717,-134.45896436,-132.86289454,-134.24198649
7781.56312625,-47.47770100,0.98297363,-64.73989132,0.98297363,-134.19233885,0.60881436,69.45244753,-48.84771074,-48.80916244,-47.88832190,-47.59633891,-47.05640017,-46.81807515,-46.46537574,-46.34022295,-66.10990106,-66.07135276,-65.15051222,-64.85852923,-64.31859049,-64.08026546,-63.72756606,-63.60241327,-133.25582915,-133.86066271,-134.39466252,-134.86453672,-134.47115417,-134.73669583,-133.40818204,-134.54698765
7824.64929860,-47.67211302,0.92261964,-64.88491312,0.92261964,-134.40320170,0.59150339,69.51828859,-48.90592612,-48.99630210,-48.01064844,-47.79924564,-47.24559411,-47.08301605,-46.72705095,-46.60912073,-66.11872622,-66.20910220,-65.22344854,-65.01204574,-64.45839421,-64.29581615,-63.93985105,-63.82192083,-135.16238479,-133.63665556,-134.54979769,-134.81324329,-134.49577092,-134.56244392,-133.39406982,-134.61124764
7867.73547094,-48.04647023,0.82807958,-65.19848824,0.82807958,-134.01081644,0.36995234,68.81232819,-48.92841563,-49.35360516,-48.41046162,-48.24004919,-47.68887890,-47.51925319,-47.16330271,-47.06779543,-66.08043365,-66.50562317,-65.56247963,-65.39206721,-64.84089691,-64.67127120,-64.31532073,-64.21981345,-133.72938480,-133.33615363,-133.79224302,-134.00365431,-134.39026230,-134.31127368,-134.35019598,-134.17336378
7910.82164329,-48.50759943,0.74274719,-65.59334205,0.74274719,-134.40096235,0.53350688,68.80762030,-48.93367766,-49.79296329,-48.94408258,-48.79556979,-48.25468971,-48.03809167,-47.68373763,-47.61798312,-66.01942028,-66.87870591,-66.02982520,-65.88131241,-65.34043233,-65.12383429,-64.76948025,-64.70372574,-134.24266801,-133.53723023,-134.80380735,-134.98514029,-134.60585990,-134.98718705,-134.17500283,-133.87080314
7953.90781563,-48.97110267,0.69748352,-65.99062685,0.69748352,-134.69328982,0.30009345,68.70266297,-48.94544671,-50.23091137,-49.47970723,-49.35177625,-48.82270578,-48.55918835,-48.20755757,-48.17152806,-65.96497090,-67.25043556,-66.49923141,-66.37130043,-65.84222997,-65.57871254,-65.22708176,-65.19105225,-134.80768215,-134.16354306,-135.13106539,-134.62328164,-134.87438112,-134.52964041,-134.50824099,-134.90848384
7996.99398798,-49.61028428,0.57356331,-66.56780518,0.57356331,-134.86358747,0.51828933,68.29578229,-49.43873593,-50.56451508,-50.16360487,-49.95873685,-49.55391046,-49.24739185,-48.98186907,-48.97351009,-66.39625684,-67.52203599,-67.12112577,-66.91625776,-66.51143137,-66.20491276,-65.93938998,-65.93103099,-135.33439464,-134.87246298,-135.01587368,-134.05614479,-135.18299383,-135.28526831,-134.05939825,-135.10216327
8040.08016032,-50.24946589,0.47009673,-67.14498351,0.47009673,-134.69666827,0.52784690,67.55168476,-49.93202515,-50.89811880,-50.84750251,-50.56569746,-50.28511515,-49.93559535,-49.75618057,-49.77549211,-66.82754277,-67.79363642,-67.74302013,-67.46121508,-67.18063277,-66.83111298,-66.65169819,-66.67100973,-134.28447172,-134.79990109,-133.95029937,-134.87559172,-134.96859005,-134.63215423,-134.36828579,-135.69405221
8083.16633267,-50.81829574,0.33426159,-67.65327541,0.33426159,-134.68287772,0.68454755,67.02960231,-50.59206229,-51.14407107,-51.34800355,-51.04975106,-50.87610412,-50.56109749,-50.45241760,-50.52285871,-67.42704196,-67.97905075,-68.18298323,-67.88473074,-67.71108380,-67.39607717,-67.28739727,-67.35783839,-133.99366799,-135.28782554,-135.34559326,-134.33639915,-134.86829932,-134.81163202,-133.49330704,-135.32629745
8126.25250501,-51.25761439,0.19532483,-68.03475368,0.19532483,-134.91049847,0.63486897,66.87574479,-51.55906719,-51.22866502,-51.51088812,-51.30754405,-51.20896871,-51.07117212,-51.00492662,-51.16968329,-68.33620648,-68.00580431,-68.28802741,-68.08468335,-67.98610801,-67.84831141,-67.78206592,-67.94682259,-134.82111636,-134.55222516,-135.60980824,-135.44986314,-135.24212896,-135.00704022,-133.57889169,-135.02291400
8169.33867735,-51.69693304,0.36326460,-68.41623195,0.36326460,-135.21256595,0.50869599,66.79633400,-52.52607209,-51.31325896,-51.67377269,-51.56533704,-51.54183331,-51.58124675,-51.55743565,-51.81650788,-69.24537099,-68.03255786,-68.39307160,-68.28463595,-68.26113221,-68.30054565,-68.27673456,-68.53580678,-134.86329931,-135.14372293,-135.53688143,-135.56150996,-135.54406553,-135.89339612,-134.37750762,-134.78014471
8212.42484970,-52.10625621,0.46423581,-68.77053047,0.46423581,-135.05969223,0.52094136,66.28916176,-53.01859542,-51.55834300,-51.78727582,-51.84603084,-51.88286811,-52.10698444,-52.15035178,-52.49960029,-69.68286968,-68.22261726,-68.45155007,-68.51030510,-68.54714237,-68.77125869,-68.81462603,-69.16387455,-134.62397011,-135.66135640,-135.29859228,-135.32029282,-134.65847639,-135.57389142,-134.17325123,-135.16770718
8255.51102204,-52.50214511,0.56015277,-69.11265582,0.56015277,-134.18275267,0.76744654,65.07009686,-53.29860964,-51.87530679,-51.87866215,-52.13698138,-52.22756217,-52.63973725,-52.76136529,-53.19893621,-69.90912035,-68.48581750,-68.48917286,-68.74749208,-68.83807288,-69.25024795,-69.37187600,-69.80944692,-133.72431497,-133.98879245,-133.35616906,-134.38355941,-134.91065383,-135.20241623,-133.09022542,-134.80589000
8298.59719439,-52.89801084,0.69347546,-69.45487589,0.69347546,-134.53954728,0.91822819,65.08467139,-53.58056437,-52.18653626,-51.98877671,-52.43850021,-52.58166620,-53.16363493,-53.36059010,-53.88381798,-70.13742941,-68.74340130,-68.54564176,-68.99536525,-69.13853125,-69.72049997,-69.91745514,-70.44068302,-134.34707890,-134.69443747,-134.45817424,-135.37089931,-134.80921431,-135.73576793,-132.65445589,-134.24635017
8341.68336673,-53.29311015,0.59376081,-69.80023046,0.59376081,-135.53517716,0.49496686,65.73494670,-53.92673228,-52.30801185,-52.71862541,-53.08973370,-53.24715503,-53.39450855,-53.56971586,-54.09039849,-70.43385260,-68.81513217,-69.22574573,-69.59685402,-69.75427534,-69.90162887,-70.07683618,-70.59751881,-135.84149904,-135.59004838,-135.68082952,-135.46541405,-135.87711512,-135.87381081,-134.36978179,-135.58291859
8384.76953908,-53.68820945,0.58793019,-70.14558504,0.58793019,-135.41906810,0.63118826,65.27348306,-54.27290019,-52.42948744,-53.44847411,-53.74096719,-53.91264385,-53.62538217,-53.77884162,-54.29697901,-70.73027578,-68.88686304,-69.90584970,-70.19834278,-70.37001944,-70.08275776,-70.23621721,-70.75435460,-135.93075513,-135.07218627,-135.43062518,-135.75230213,-134.98224981,-135.13671566,-134.52311373,-136.52459686
8427.85571142,-53.95078508,0.67349194,-70.35988461,0.67349194,-135.43343359,0.79144236,65.07354899,-54.34780658,-52.39368561,-53.98321952,-54.18393957,-54.40854119,-53.79731409,-53.99066399,-54.50111008,-70.75690611,-68.80278515,-70.39231905,-70.59303910,-70.81764072,-70.20641362,-70.39976352,-70.91020961,-135.70459267,-134.71362297,-135.52129598,-136.40026326,-135.65514455,-135.73400489,-133.85082287,-135.88772155
8470.94188377,-53.98576571,0.81858261,-70.34911145,0.81858261,-135.71014853,0.70189566,65.36103708,-53.95685078,-52.08777690,-54.18289625,-54.26924612,-54.61318357,-53.86802006,-54.20711747,-54.70103449,-70.32019652,-68.45112265,-70.54624200,-70.63259187,-70.97652932,-70.23136581,-70.57046322,-71.06438023,-135.24985093,-134.70134561,-135.60301853,-136.50805253,-136.15088525,-136.76608641,-135.30824184,-135.39370716
8514.02805611,-54.02074633,1.00291827,-70.33833829,1.00291827,-135.51564953,0.59197031,65.17731123,-53.56589497,-51.78186819,-54.38257298,-54.35455268,-54.81782596,-53.93872603,-54.42357096,-54.90095889,-69.88348693,-68.09946015,-70.70016494,-70.67214464,-71.13541792,-70.25631799,-70.74116292,-71.21855085,-134.61766879,-135.50517733,-135.84572579,-135.67396926,-135.88078490,-136.41210612,-134.76212195,-135.42764207
8557.11422846,-54.26999894,1.03685988,-70.54465827,1.03685988,-136.04385446,0.82443840,65.49919619,-53.36072374,-52.11255694,-54.72388615,-54.72255241,-55.15923904,-54.32785034,-54.64922654,-55.10395637,-69.63538307,-68.38721627,-70.99854549,-70.99721174,-71.43389837,-70.60250967,-70.92388587,-71.37861570,-136.59343642,-135.72472908,-136.13128061,-136.47308628,-135.82149091,-136.66763569,-134.23184557,-136.70733116
8600.20040080,-54.60819463,1.04558521,-70.84109238,1.04558521,-136.00551240,0.57073479,65.16442002,-53.23267063,-52.70749370,-55.12399181,-55.20789647,-55.55742485,-54.84914829,-54.87870186,-55.30822946,-69.46556838,-68.94039145,-71.35688956,-71.44079422,-71.79032260,-71.08204604,-71.11159961,-71.54112721,-136.53167315,-136.35097984,-136.17046313,-135.43879512,-136.56770037,-135.74617001,-134.96580388,-136.27251373
8643.28657315,-54.93033978,1.08431410,-71.12165813,1.08431410,-135.80292372,0.54287210,64.68126559,-53.12522467,-53.31717407,-55.50975283,-55.67141259,-55.93030057,-55.33210271,-55.07723580,-55.47951499,-69.31654302,-69.50849242,-71.70107118,-71.86273094,-72.12161892,-71.52342106,-71.26855415,-71.67083335,-135.92616300,-135.99021131,-135.42116280,-136.50944169,-135.02280382,-136.55036832,-135.40423318,-135.59900565
8686.37274549,-54.91447928,0.79863974,-71.06805476,0.79863974,-136.42256523,0.62765503,65.35451047,-53.45174094,-54.23733780,-55.59343257,-55.67525780,-55.77017544,-55.00758764,-54.62418065,-54.95612140,-69.60531642,-70.39091327,-71.74700804,-71.82883328,-71.92375091,-71.16116311,-70.77775613,-71.10969688,-137.04688721,-136.45442644,-136.58257886,-136.38753858,-135.05082515,-136.36901469,-136.39245541,-137.09679547
8729.45891784,-54.89861878,0.74030244,-71.01445138,0.74030244,-136.81357556,0.62373185,65.79912418,-53.77825722,-55.15750152,-55.67711231,-55.67910301,-55.61005030,-54.68307257,-54.17112550,-54.43272781,-69.89408982,-71.27333412,-71.79294491,-71.79493561,-71.72588290,-70.79890517,-70.28695810,-70.54856042,-137.36586138,-136.18538607,-137.40642928,-136.84208741,-136.52074130,-137.00909761,-135.73892445,-137.44007697
8772.54509018,-54.73849528,0.85696782,-70.82011234,0.85696782,-136.92965866,0.50214872,66.10954632,-53.88137683,-55.65366526,-55.59935454,-55.49969029,-55.33315624,-54.29423782,-53.71906823,-53.92741301,-69.96299389,-71.73528232,-71.68097160,-71.58130735,-71.41477330,-70.37585488,-69.80068530,-70.00903007,-137.78143912,-136.55196140,-137.06552166,-136.75219290,-137.20485345,-137.23136625,-136.13277823,-136.71715631
8815.63126253,-54.34694987,0.89559300,-70.40000983,0.89559300,-137.11787674,0.32468709,66.71786691,-53.62613095,-55.46966234,-55.26262410,-55.02630130,-54.86894536,-53.80222360,-53.26861174,-53.45109960,-69.67919091,-71.52272230,-71.31568406,-71.07936126,-70.92200532,-69.85528356,-69.32167170,-69.50415956,-137.63351819,-137.06059080,-137.08741598,-137.16802138,-137.38344381,-137.18457784,-136.53655866,-136.88888724
8858.71743487,-53.95540447,0.94741967,-69.97990733,0.94741967,-137.20531485,0.53756785,67.22540752,-53.37088506,-55.28565943,-54.92589366,-54.55291231,-54.40473449,-53.31020938,-52.81815525,-52.97478618,-69.39538792,-71.31016228,-70.95039651,-70.57741516,-70.42923734,-69.33471224,-68.84265811,-68.99928904,-137.39473077,-137.21129194,-137.17598021,-137.66911814,-137.18579498,-137.57284814,-135.95565901,-137.47709558
8901.80360721,-53.75614825,0.98312552,-69.73901910,0.98312552,-137.30019608,0.55486303,67.56117697,-53.57567885,-55.23021059,-54.77367801,-54.20729796,-54.05037642,-53.00801826,-52.52826574,-52.67566018,-69.55854970,-71.21308145,-70.75654887,-70.19016881,-70.03324727,-68.99088912,-68.51113659,-68.65853103,-136.73594214,-137.72930055,-137.10024062,-137.90118786,-137.50000039,-137.70079710,-136.28576244,-137.44833750
8944.88977956,-53.63068567,1.05329469,-69.56690685,1.05329469,-137.43251272,0.74847260,67.86560587,-53.95701922,-55.22409617,-54.69227248,-53.91071891,-53.73817589,-52.77867439,-52.29999603,-52.44453230,-69.89324039,-71.16031734,-70.62849366,-69.84694008,-69.67439707,-68.71489556,-68.23621720,-68.38075348,-138.02109968,-137.32501791,-137.35718317,-138.59798450,-137.17120170,-137.68960347,-136.00195691,-137.29605441
8987.97595190,-53.50753787,1.15411411,-69.39735441,1.15411411,-137.57533362,0.36059217,68.17797921,-54.34909944,-55.19146623,-54.59779939,-53.62028354,-53.43434068,-52.55875428,-52.08192721,-52.22663219,-70.23891597,-71.08128277,-70.48761593,-69.51010007,-69.32415721,-68.44857081,-67.97174375,-68.11644873,-137.59977099,-137.33976513,-137.28868658,-137.99496693,-137.97849207,-137.96641729,-137.32673325,-137.10783672
9031.06212425,-53.41981623,1.13950988,-69.26697829,1.13950988,-138.17632735,0.32460214,68.90934905,-54.90554609,-54.75303371,-54.30333591,-53.42387330,-53.25853119,-52.48305876,-52.01997651,-52.21117438,-70.75270816,-70.60019577,-70.15049797,-69.27103536,-69.10569326,-68.33022082,-67.86713858,-68.05833645,-138.22138088,-138.41486563,-137.83272488,-138.34142907,-138.26003437,-138.46571597,-137.53212268,-138.34234531
9074.14829659,-53.33209459,1.19925550,-69.13660218,1.19925550,-138.77877468,0.49076561,69.64217250,-55.46199275,-54.31460118,-54.00887242,-53.22746306,-53.08272171,-52.40736323,-51.95802582,-52.19571658,-71.26650034,-70.11910877,-69.81338001,-69.03197065,-68.88722930,-68.21187082,-67.76253341,-68.00022417,-137.97912721,-138.75314712,-138.76383117,-138.62340332,-139.37023999,-139.54539666,-138.69306948,-138.50198249
9117.23446894,-53.29730289,1.25427915,-69.06071585,1.25427915,-138.70715182,0.42575263,69.64643597,-55.84124590,-54.03266544,-53.78489245,-53.11187267,-52.96749732,-52.40722427,-51.97788050,-52.25514454,-71.60465887,-69.79607841,-69.54830542,-68.87528564,-68.73091029,-68.17063723,-67.74129346,-68.01855750,-138.50190466,-138.72186736,-138.83601365,-139.37086077,-138.12126683,-138.62714035,-138.28208082,-139.19608008
9160.32064128,-53.34190607,1.22822595,-69.06656419,1.22822595,-138.73527145,0.73779444,69.66870726,-55.95470881,-53.98547487,-53.66663776,-53.11751206,-52.94315057,-52.52042012,-52.12044324,-52.42690115,-71.67936693,-69.71013299,-69.39129588,-68.84217018,-68.66780869,-68.24507824,-67.84510136,-68.15155927,-138.85557749,-139.16817043,-139.15826739,-139.25848809,-139.24199182,-138.35798343,-137.07522829,-138.76646466
9203.40681363,-53.38650926,1.21066074,-69.07241253,1.21066074,-138.96536630,0.53231588,69.89295377,-56.06817171,-53.93828430,-53.54838307,-53.12315145,-52.91880383,-52.63361598,-52.26300599,-52.59865776,-71.75407498,-69.62418757,-69.23428634,-68.80905472,-68.60470710,-68.31951925,-67.94890926,-68.28456103,-139.15292497,-139.31161610,-138.74324713,-139.04749114,-139.47282937,-139.20588782,-137.75997847,-139.02895537
9246.49298597,-53.42334707,1.05391033,-69.07332050,1.05391033,-138.86161145,1.17542176,69.78829094,-55.83023577,-53.76868612,-53.52678348,-53.13039642,-52.96857701,-52.80233406,-52.49516138,-52.86460230,-71.48020921,-69.41865956,-69.17675691,-68.78036986,-68.61855044,-68.45230749,-68.14513481,-68.51457574,-139.10229584,-139.25221309,-139.06082998,-139.03811601,-139.50520593,-139.39056370,-135.99409093,-139.54957610
9289.57915832,-53.45743756,0.85547393,-69.07248062,0.85547393,-139.40187309,0.57316973,70.32939246,-55.46797822,-53.55578128,-53.53937955,-53.13820944,-53.04457313,-52.99069538,-52.75901381,-53.16386965,-71.08302128,-69.17082435,-69.15442262,-68.75325250,-68.65961619,-68.60573844,-68.37405687,-68.77891272,-138.84660821,-139.37794596,-139.35333243,-139.72258808,-139.97118231,-139.06251997,-138.59089927,-140.28990846
9332.66533066,-53.48122916,0.69686889,-69.06163382,0.69686889,-139.37427477,0.61701246,70.31264095,-55.14294650,-53.36748946,-53.54321392,-53.13726350,-53.10606227,-53.14570894,-52.98507997,-53.42206868,-70.72335117,-68.94789413,-69.12361859,-68.71766816,-68.68646693,-68.72611360,-68.56548463,-69.00247334,-138.98682700,-139.18501481,-138.62755536,-140.24130685,-139.46117159,-139.23044047,-138.92042485,-140.34145724
9375.75150301,-53.38214435,0.79930110,-68.93139409,0.79930110,-138.49689668,1.03210916,69.56550259,-55.26205756,-53.47285651,-53.44251210,-53.03181416,-52.99446820,-52.90284928,-52.76031687,-53.19028015,-70.81130729,-69.02210624,-68.99176183,-68.58106390,-68.54371794,-68.45209902,-68.30956661,-68.73952989,-136.93029290,-137.05874396,-138.65440518,-138.33066552,-138.84935166,-139.89782632,-139.14958652,-139.10430136
9418.83767535,-53.28305955,0.91279320,-68.80115436,0.91279320,-140.08882967,0.37143780,71.28767531,-55.38116861,-53.57822355,-53.34181027,-52.92636483,-52.88287413,-52.65998963,-52.53555377,-52.95849162,-70.89926342,-69.09631836,-68.85990508,-68.44445964,-68.40096894,-68.17808444,-68.05364858,-68.47658643,-140.35673344,-139.50053024,-140.24739314,-139.85678431,-140.46493989,-140.26405531,-139.63304170,-140.38715931
9461.92384770,-53.31880742,1.00133791,-68.80730958,1.00133791,-140.40368348,0.30918381,71.59637391,-55.60469066,-53.67048781,-53.38339346,-52.99303008,-52.94149069,-52.61808171,-52.46557751,-52.87370741,-71.09319282,-69.15898997,-68.87189562,-68.48153224,-68.42999285,-68.10658387,-67.95407967,-68.36220957,-140.32033133,-140.09871150,-140.30689710,-141.07454824,-140.54670622,-140.27577824,-140.14078251,-140.46571271
9505.01002004,-53.54383960,1.05190467,-69.00494231,1.05190467,-140.40003413,0.47119678,71.39509182,-55.97478968,-53.74435780,-53.62472293,-53.30131774,-53.23905679,-52.85827911,-52.61289815,-52.99529465,-71.43589238,-69.20546050,-69.08582564,-68.76242045,-68.70015949,-68.31938181,-68.07400086,-68.45639736,-140.26809215,-139.87699023,-141.19715063,-140.79095396,-140.44711695,-140.63712319,-139.78815709,-140.19468885
9548.09619238,-53.76887179,1.10962993,-69.20257505,1.10962993,-140.86045834,0.49386984,71.65788329,-56.34488869,-53.81822778,-53.86605240,-53.60960540,-53.53662288,-53.09847651,-52.76021879,-53.11688190,-71.77859195,-69.25193103,-69.29975565,-69.04330865,-68.97032614,-68.53217976,-68.19392205,-68.55058515,-141.13662965,-140.08595728,-141.16275975,-141.32751246,-140.98199083,-140.68302252,-141.32399750,-140.18179674
9591.18236473,-54.07606182,1.30505659,-69.48520659,1.30505659,-140.95127175,0.42857926,71.46606516,-57.12008180,-54.03658616,-54.17992768,-53.91778071,-53.86216507,-53.27956086,-52.93692202,-53.27547022,-72.52922657,-69.44573093,-69.58907245,-69.32692548,-69.27130984,-68.68870564,-68.34606679,-68.68461500,-140.87227059,-140.42155527,-141.70758199,-141.06210059,-140.79687825,-141.14083857,-141.19929104,-140.40965767
9634.26853707,-54.40996040,1.54495354,-69.79547025,1.54495354,-141.15963813,0.69732570,71.36416788,-58.02696627,-54.30191604,-54.51738677,-54.22591951,-54.19680197,-53.44142826,-53.12317718,-53.44608717,-73.41247612,-69.68742589,-69.90289662,-69.61142937,-69.58231182,-68.82693812,-68.50868704,-68.83159703,-141.10199266,-140.74433524,-141.34509370,-142.54447077,-140.67701293,-141.68322256,-140.34456472,-140.83641242
9677.35470942,-54.73745477,1.77025480,-70.09968434,1.77025480,-141.34095230,0.58530022,71.24126796,-58.89097472,-54.56432556,-54.84985271,-54.52645308,-54.52692774,-53.60815483,-53.31262838,-53.62032116,-74.25320428,-69.92655512,-70.21208227,-69.88868265,-69.88915731,-68.97038439,-68.67485794,-68.98255072,-141.26231385,-141.51525846,-141.80029128,-141.23252813,-141.74218892,-140.90119344,-140.21467369,-142.05917061
9720.44088176,-55.00273689,1.84721848,-70.34513111,1.84721848,-141.52649747,0.45362698,71.18136635,-59.33847320,-54.79836594,-55.13381382,-54.75310731,-54.81323128,-53.82208476,-53.53312676,-53.82969207,-74.68086742,-70.14076017,-70.47620804,-70.09550154,-70.15562550,-69.16447898,-68.87552098,-69.17208629,-140.98676422,-140.91209662,-142.04642388,-141.92039873,-141.77465458,-141.65122477,-141.09949204,-141.82092489
9763.52705411,-55.26801901,1.92438755,-70.59057789,1.92438755,-141.47496084,0.52489536,70.88438294,-59.78597168,-55.03240633,-55.41777493,-54.97976154,-55.09953481,-54.03601468,-53.75362514,-54.03906298,-75.10853056,-70.35496521,-70.74033382,-70.30232042,-70.42209369,-69.35857356,-69.07618402,-69.36162186,-141.34500521,-140.80647140,-141.77777336,-142.19208487,-141.58222910,-142.09921903,-141.04058688,-140.95631685
9806.61322645,-55.44347693,1.91238686,-70.74786577,1.91238686,-141.89263246,0.40779879,71.14476668,-59.91111504,-55.21340460,-55.62784272,-55.16822661,-55.32605859,-54.20196832,-53.91327315,-54.18592645,-75.21550388,-70.51779344,-70.93223156,-70.47261545,-70.63044743,-69.50635716,-69.21766199,-69.49031529,-141.38380705,-142.05605067,-142.70833439,-141.61444769,-142.00374650,-142.00641944,-141.57575066,-141.79250328
9849.69939880,-55.50083267,1.78483832,-70.78924103,1.78483832,-141.96615153,0.27020529,71.17691050,-59.61242112,-55.32466231,-55.74075447,-55.30648000,-55.47398305,-54.30484203,-53.99291420,-54.25060420,-74.90082948,-70.61307067,-71.02916283,-70.59488836,-70.76239141,-69.59325039,-69.28132256,-69.53901256,-141.51732031,-142.28658580,-142.21719724,-142.24039812,-141.74584034,-141.93064809,-141.82866276,-141.96255956
9892.78557114,-55.55818841,1.66041175,-70.83061629,1.66041175,-142.06921796,0.30784772,71.23860167,-59.31372720,-55.43592003,-55.85366622,-55.44473338,-55.62190751,-54.40771573,-54.07255525,-54.31528195,-74.58615508,-70.70834791,-71.12609410,-70.71716127,-70.89433539,-69.68014361,-69.34498313,-69.58770983,-142.06087287,-142.51146094,-142.36366387,-142.17735652,-142.19481990,-141.86398435,-141.57889417,-141.80269103
9935.87174349,-55.48776382,1.55915542,-70.73911651,1.55915542,-142.17151624,0.70174332,71.43239972,-59.01262248,-55.39173658,-55.78386393,-55.36699512,-55.52741652,-54.40820825,-54.09178700,-54.31948068,-74.26397517,-70.64308927,-71.03521662,-70.61834782,-70.77876921,-69.65956094,-69.34313969,-69.57083338,-142.32776088,-142.46625855,-141.04766778,-141.91879694,-142.54057897,-143.35472092,-141.48644098,-142.22990488
9978.95791583,-55.37931463,1.46467942,-70.60807607,1.46467942,-142.29797530,0.35290176,71.68989924,-58.71080036,-55.30129727,-55.65968998,-55.22498253,-55.36078805,-54.37823439,-54.09304228,-54.30568219,-73.93956179,-70.53005871,-70.88845141,-70.45374397,-70.58954949,-69.60699583,-69.32180372,-69.53444363,-142.19082139,-142.44656465,-142.30287702,-142.47275529,-142.34918872,-142.59074584,-141.48644568,-142.54440383
10022.04408818,-55.27510271,1.36745502,-70.48098344,1.36745502,-141.97026974,0.41680548,71.48928629,-58.41485518,-55.22123681,-55.52039395,-55.07442465,-55.18683478,-54.36082154,-54.11023717,-54.31201760,-73.62073592,-70.42711754,-70.72627469,-70.28030538,-70.39271551,-69.56670227,-69.31611790,-69.51789833,-142.31048698,-142.60025315,-141.40212684,-142.10266722,-141.64091216,-142.12008973,-141.50191605,-142.08370575
10065.13026052,-55.20540901,1.25120906,-70.38605113,1.25120906,-141.97311393,0.28883194,71.58706280,-58.16678561,-55.22572586,-55.25790836,-54.85425396,-54.95321113,-54.44573497,-54.25728156,-54.48237060,-73.34742773,-70.40636798,-70.43855048,-70.03489608,-70.13385325,-69.62637709,-69.43792368,-69.66301272,-142.36342142,-141.67225958,-142.22757181,-141.90726758,-141.99567430,-142.13444401,-141.47870538,-142.00556732
10108.21643287,-55.13571530,1.15466876,-70.29111881,1.15466876,-141.80658798,0.52091730,71.51546917,-57.91871604,-55.23021491,-54.99542277,-54.63408327,-54.71958749,-54.53064840,-54.40432595,-54.65272360,-73.07411955,-70.38561842,-70.15082627,-69.78948678,-69.87499100,-69.68605190,-69.55972946,-69.80812711,-140.75834483,-141.37591184,-141.88596111,-142.28915300,-141.85583331,-142.28540868,-142.18637936,-141.81571168
10151.30260521,-55.17990068,1.03915069,-70.31175336,1.03915069,-142.14102071,0.36956264,71.82926734,-57.70942667,-55.19613631,-54.92301420,-54.61911720,-54.70410719,-54.72940203,-54.65892743,-54.89907444,-72.84127935,-70.32798899,-70.05486688,-69.75096988,-69.83595987,-69.86125471,-69.79078011,-70.03092712,-141.90025142,-142.20599436,-142.07552248,-142.65706441,-141.99249692,-142.64034889,-141.54877421,-142.10771296
10194.38877756,-55.36440136,0.88931119,-70.47478281,0.88931119,-142.23051044,0.35953721,71.75572763,-57.54792003,-55.11453684,-55.08480767,-54.85699253,-54.95741065,-55.06842308,-55.04605461,-55.23906546,-72.65830147,-70.22491829,-70.19518912,-69.96737398,-70.06779210,-70.17880452,-70.15643606,-70.34944691,-142.67051566,-142.04990314,-142.81904919,-141.84023904,-142.24810382,-142.28518703,-141.83093026,-142.10015540
10237.47494990,-55.54890204,0.76428138,-70.63781225,0.76428138,-142.64838140,0.26702865,72.01056915,-57.38641339,-55.03293738,-55.24660115,-55.09486786,-55.21071411,-55.40744412,-55.43318179,-55.57905649,-72.47532360,-70.12184759,-70.33551137,-70.18377808,-70.29962433,-70.49635433,-70.52209201,-70.66796670,-142.19705587,-142.60139986,-143.10106275,-142.62464058,-142.65263949,-142.59080733,-142.51365428,-142.90579109
10280.56112224,-55.73221335,0.65008758,-70.80256191,0.65008758,-142.21923491,0.45958340,71.41667300,-57.21673629,-55.11631761,-55.40575484,-55.31819050,-55.46382779,-55.71996139,-55.72671810,-55.89020029,-72.28708485,-70.18666617,-70.47610340,-70.38853906,-70.53417635,-70.79030995,-70.79706666,-70.96054885,-141.60781160,-142.72972318,-142.91318126,-142.17974911,-142.19729190,-141.79321298,-142.46091446,-141.87199479
10323.64729459,-55.91520213,0.55124359,-70.96777807,0.55124359,-142.18218393,0.49732677,71.21440586,-57.04484347,-55.24443810,-55.56419265,-55.53756665,-55.71688999,-56.02529120,-55.99487383,-56.19352113,-72.09741941,-70.29701404,-70.61676859,-70.59014260,-70.76946593,-71.07786714,-71.04744977,-71.24609707,-141.67318036,-141.90924220,-142.80724074,-141.96368057,-141.60767181,-142.39623039,-142.15470616,-142.94551922
10366.73346693,-56.07229633,0.49107988,-71.10755765,0.49107988,-142.37782241,0.37713748,71.27026477,-56.90982302,-55.34943318,-55.70384052,-55.73908927,-55.94041264,-56.28374167,-56.21090974,-56.44112056,-71.94508434,-70.38469450,-70.73910185,-70.77435059,-70.97567396,-71.31900299,-71.24617106,-71.47638188,-142.23214183,-142.39470929,-142.42157031,-142.09082270,-142.01008844,-143.15058626,-142.08123934,-142.64142116
10409.81963928,-56.04867944,0.50774452,-71.06982236,0.50774452,-142.28236484,0.63917691,71.21254249,-57.03212466,-55.29304244,-55.71235866,-55.81601699,-55.95778691,-56.21503420,-56.06321589,-56.29985579,-72.05326758,-70.31418535,-70.73350157,-70.83715990,-70.97892982,-71.23617711,-71.08435880,-71.32099870,-141.68872772,-141.72017157,-141.63705352,-141.77015502,-142.58258706,-142.91289359,-142.78780775,-143.15952250
10452.90581162,-56.02506256,0.54169870,-71.03208706,0.54169870,-142.34598296,0.85020897,71.31389590,-57.15442631,-55.23665170,-55.72087679,-55.89294472,-55.97516118,-56.14632673,-55.91552204,-56.15859102,-72.16145081,-70.24367620,-70.72790129,-70.89996922,-70.98218568,-71.15335124,-70.92254655,-71.16561552,-142.62275504,-142.68390181,-143.91668219,-141.57862494,-141.61842891,-142.98184919,-141.68116425,-141.68445739
10495.99198397,-55.96483052,0.55924798,-70.95942463,0.55924798,-141.89118129,0.32517929,70.93175665,-57.19926454,-55.22243960,-55.70437505,-55.89347663,-55.92139178,-56.01029694,-55.77349648,-55.99390315,-72.19385866,-70.21703371,-70.69896916,-70.88807075,-70.91598590,-71.00489105,-70.76809059,-70.98849726,-142.22941228,-141.34137943,-142.03312304,-141.59897437,-142.00416833,-142.31973211,-141.85333094,-141.74932980
10539.07815631,-55.86230166,0.55358990,-70.84641534,0.55358990,-142.16173548,0.35845973,71.31532014,-57.15461918,-55.25695109,-55.65897103,-55.80575821,-55.78543918,-55.79649824,-55.63801876,-55.80215755,-72.13873286,-70.24106477,-70.64308472,-70.78987189,-70.76955286,-70.78061193,-70.62213244,-70.78627123,-141.74567294,-142.19450864,-142.13300592,-141.86888413,-142.86897112,-141.97714348,-142.04329634,-142.46240129
10582.16432866,-55.75977279,0.56028945,-70.73340604,0.56028945,-142.03843050,0.27175562,71.30502446,-57.10997382,-55.29146258,-55.61356702,-55.71803979,-55.64948657,-55.58269955,-55.50254104,-55.61041195,-72.08360707,-70.26509583,-70.58720027,-70.69167304,-70.62311982,-70.55633280,-70.47617429,-70.58404520,-141.52001781,-141.86190385,-142.01261637,-142.03670003,-142.13315425,-142.42663007,-142.03987034,-142.27655131
10625.25050100,-55.65470384,0.64906824,-70.62078703,0.64906824,-142.08987275,0.47772090,71.46908572,-57.23411718,-55.30273586,-55.55540430,-55.60252441,-55.53097410,-55.32763613,-55.32955862,-55.35468013,-72.20020037,-70.26881904,-70.52148749,-70.56860759,-70.49705729,-70.29371932,-70.29564181,-70.32076332,-141.96984178,-142.56266997,-141.32690939,-142.34201499,-141.94216604,-142.04806800,-142.82486947,-141.70244238
10668.33667335,-55.54901042,0.76751021,-70.50826397,0.76751021,-142.15309141,0.32995927,71.64482745,-57.39975678,-55.30829608,-55.49410489,-55.48017521,-55.41674924,-55.06242790,-55.14735577,-55.08321748,-72.35901032,-70.26754963,-70.45335844,-70.43942876,-70.37600278,-70.02168144,-70.10660932,-70.04247103,-142.35166385,-142.58183299,-142.40347868,-142.20121842,-142.09596183,-142.07551605,-141.48218297,-142.03287650
10711.42284569,-55.40327014,0.86637962,-70.35621563,0.86637962,-141.75973719,0.60449965,71.40352156,-57.48076704,-55.23810796,-55.36103674,-55.29554815,-55.24515380,-54.80231345,-54.96554843,-54.83768555,-72.43371252,-70.19105345,-70.31398223,-70.24849364,-70.19809929,-69.75525894,-69.91849392,-69.79063104,-140.66436778,-140.98868591,-141.96710850,-142.21588489,-142.37867454,-141.86131681,-141.96377019,-142.03808893
10754.50901804,-55.01422631,0.82441030,-69.96403261,0.82441030,-141.52310851,0.18080712,71.55907589,-57.04761415,-54.70771288,-54.79193963,-54.73255365,-54.72500503,-54.57314615,-54.78614399,-54.74969504,-71.99742045,-69.65751918,-69.74174593,-69.68235995,-69.67481133,-69.52295245,-69.73595029,-69.69950134,-141.38455801,-141.28959340,-141.51323467,-141.50649273,-141.74794971,-141.44047961,-141.47169372,-141.83086619
10797.59519038,-54.62518249,0.82675843,-69.57184960,0.82675843,-141.13340673,0.41164343,71.56155713,-56.61446126,-54.17731779,-54.22284252,-54.16955914,-54.20485627,-54.34397886,-54.60673955,-54.66170452,-71.56112837,-69.12398491,-69.16950964,-69.11622625,-69.15152338,-69.29064597,-69.55340666,-69.60837163,-140.44896093,-141.21533750,-141.64324490,-141.36410885,-141.56939623,-140.75050624,-140.89147147,-141.18422771
10840.68136273,-54.40890653,0.81693061,-69.35423540,0.81693061,-141.00084816,0.41683722,71.64661276,-56.17012231,-53.81315654,-53.80666697,-53.80330174,-53.89487862,-54.32410871,-54.66472530,-54.79429207,-71.11545117,-68.75848541,-68.75199584,-68.74863061,-68.84020749,-69.26943758,-69.61005417,-69.73962094,-140.44120925,-140.93752905,-141.53919870,-141.11774253,-141.31570034,-141.36358956,-140.88350416,-140.40831170
10883.76753507,-54.37979577,0.83461346,-69.32573742,0.83461346,-140.71460671,0.71200476,71.38886929,-55.71366512,-53.62908193,-53.55615643,-53.65017622,-53.81258636,-54.53097714,-54.97988377,-55.16583921,-70.65960677,-68.57502358,-68.50209807,-68.59611787,-68.75852801,-69.47691879,-69.92582542,-70.11178086,-139.49085389,-139.84926221,-141.26520289,-140.90300955,-140.56430784,-141.36258290,-140.85989206,-141.42174238
10926.85370741,-54.35068501,0.94850883,-69.29723944,0.94850883,-140.93134005,0.30420872,71.63410061,-55.25720794,-53.44500732,-53.30564589,-53.49705070,-53.73029409,-54.73784558,-55.29504224,-55.53738635,-70.20376237,-68.39156175,-68.25220031,-68.44360513,-68.67684852,-69.68440000,-70.24159667,-70.48394078,-140.86528988,-140.53267604,-141.48199282,-140.66131147,-141.14921211,-140.99771766,-141.04169848,-140.72082190
10969.93987976,-54.52072399,1.03945076,-69.46372366,1.03945076,-140.86547728,0.48916026,71.40175362,-55.11066179,-53.50979899,-53.36860694,-53.61625931,-53.89321418,-55.03470067,-55.68795179,-55.94459824,-70.05366146,-68.45279866,-68.31160661,-68.55925897,-68.83621385,-69.97770034,-70.63095146,-70.88759791,-141.01359908,-140.01246504,-141.36862500,-140.54219790,-141.34367285,-141.07799059,-140.40836914,-141.15689862
11013.02605210,-54.73487430,1.13282114,-69.67339611,1.13282114,-140.73735592,0.63291181,71.06395981,-55.03276043,-53.62971413,-53.50100144,-53.79578948,-54.11044840,-55.35148766,-56.09808308,-56.35970983,-69.97128223,-68.56823593,-68.43952324,-68.73431129,-69.04897020,-70.29000946,-71.03660488,-71.29823163,-140.77257081,-140.62462485,-141.30884748,-140.44518193,-140.92390151,-140.38738129,-139.66457893,-141.77176055
11056.11222445,-54.98829974,1.25438367,-69.92167050,1.25438367,-140.52175401,0.53924278,70.60008351,-54.97866046,-53.77091946,-53.66641630,-54.01190405,-54.36400778,-55.70817784,-56.55809138,-56.84822069,-69.91203121,-68.70429021,-68.59978705,-68.94527480,-69.29737853,-70.64154859,-71.49146213,-71.78159144,-140.41226731,-141.03121972,-140.97866052,-140.20735636,-140.32361048,-139.73032121,-140.15760931,-141.33298715
11099.19839679,-55.45208009,1.46263402,-70.37669424,1.46263402,-140.29401888,0.44844592,69.91732464,-55.05203918,-54.02615359,-54.00868601,-54.42396216,-54.81212227,-56.27858679,-57.28523760,-57.72985312,-69.97665333,-68.95076774,-68.93330016,-69.34857631,-69.73673642,-71.20320094,-72.20985175,-72.65446727,-140.07898696,-139.80887790,-140.76450272,-140.83075788,-139.83795347,-140.48851652,-139.84126467,-140.70129095
11142.28456914,-55.91586043,1.68496168,-70.83171798,1.68496168,-140.03849612,0.35450898,69.20677814,-55.12541790,-54.28138771,-54.35095571,-54.83602026,-55.26023675,-56.84899573,-58.01238382,-58.61148556,-70.04127545,-69.19724526,-69.26681326,-69.75187781,-70.17609430,-71.76485328,-72.92824137,-73.52734311,-139.91646072,-139.60982492,-140.32983957,-140.62212986,-139.56705934,-140.15593514,-139.95566394,-140.15105545
11185.37074148,-56.42224922,1.95676094,-71.33120261,1.95676094,-139.88154568,0.22907925,68.55034307,-55.38387061,-54.40616919,-54.65123924,-55.26060879,-55.77418675,-57.53916505,-58.80678327,-59.55597086,-70.29282400,-69.31512259,-69.56019264,-70.16956218,-70.68314014,-72.44811844,-73.71573666,-74.46492426,-139.65728717,-139.75241726,-140.18334707,-139.88203426,-139.98741048,-139.50370318,-140.08264205,-140.00352399
11228.45691383,-56.97193368,2.27628470,-71.87586525,2.27628470,-139.50380304,0.41612241,67.62793779,-55.83038236,-54.39839394,-54.90885940,-55.69792983,-56.35503412,-58.35102635,-59.66952066,-60.56432280,-70.73431393,-69.30232551,-69.81279097,-70.60186140,-71.25896569,-73.25495791,-74.57345223,-75.46825436,-139.87571636,-139.03563836,-139.58173419,-139.33707824,-139.34443732,-139.49192982,-140.28681250,-139.07707751
11271.54308617,-57.52161815,2.60035856,-72.42052788,2.60035856,-139.49600575,0.65180207,67.07547786,-56.27689412,-54.39061869,-55.16647957,-56.13525088,-56.93588149,-59.16288764,-60.53225806,-61.57267473,-71.17580386,-69.28952843,-70.06538930,-71.03416062,-71.83479123,-74.06179738,-75.43116780,-76.47158447,-139.34964662,-139.22437485,-139.65709534,-139.38894119,-140.58862679,-140.24069282,-138.69787294,-138.82079541
11314.62925852,-57.86228248,2.65166478,-72.75923428,2.65166478,-139.36414726,0.18458657,66.60491298,-56.48381564,-54.52811171,-55.49756783,-56.55246565,-57.42867916,-59.55933546,-60.94810027,-61.90018411,-71.38076744,-69.42506351,-70.39451963,-71.44941745,-72.32563096,-74.45628726,-75.84505207,-76.79713591,-139.32880128,-139.37226019,-139.23241864,-139.38274947,-139.75340396,-139.35591266,-139.10427394,-139.38335794
11357.71543086,-58.16154346,2.65328398,-73.05714423,2.65328398,-139.23416075,0.24332431,66.17701652,-56.64327839,-54.69437992,-55.84320889,-56.96569770,-57.90403567,-59.87349690,-61.27542011,-62.09283009,-71.53887916,-69.58998069,-70.73880966,-71.86129847,-72.79963644,-74.76909767,-76.17102088,-76.98843087,-139.34756607,-139.23724315,-139.32957224,-138.96580369,-139.31820115,-139.50814949,-139.39390099,-138.77284920
11400.80160321,-58.50640590,2.71628516,-73.40128476,2.71628516,-139.15666433,0.39944889,65.75537958,-56.68297539,-54.86881738,-56.20960981,-57.42104790,-58.44378059,-60.32380978,-61.72837279,-62.37283355,-71.57785424,-69.76369624,-71.10448867,-72.31592675,-73.33865945,-75.21868864,-76.62325164,-77.26771241,-138.67359817,-139.69623907,-139.03965737,-139.57766996,-139.13466190,-139.30737555,-139.27165441,-138.55245823
11443.88777555,-59.06875221,3.08203457,-73.96590955,3.08203457,-138.87686168,0.52924154,64.91095213,-56.15148186,-55.08221589,-56.67501930,-58.07726921,-59.29060871,-61.42346027,-62.78049747,-63.06946495,-71.04863920,-69.97937323,-71.57217664,-72.97442655,-74.18776605,-76.32061762,-77.67765481,-77.96662229,-139.00711479,-138.18297180,-139.73760242,-139.10984068,-139.34696279,-138.61618340,-138.73589989,-138.27831767
11486.97394790,-59.63109852,3.49010202,-74.53053434,3.49010202,-138.90039171,0.31581408,64.36985737,-55.61998833,-55.29561439,-57.14042879,-58.73349053,-60.13743683,-62.52311077,-63.83262215,-63.76609634,-70.51942415,-70.19505021,-72.03986461,-73.63292636,-75.03687266,-77.42254659,-78.73205797,-78.66553217,-138.96703149,-138.59520072,-139.29169116,-139.37053947,-138.59178336,-138.72570690,-138.61735945,-139.04382116
11530.06012024,-60.02467957,3.67242016,-74.92824502,3.67242016,-138.55760502,0.50101457,63.62936000,-55.05688635,-55.64306018,-57.59149954,-59.46780829,-61.00637465,-63.40527155,-64.22404956,-63.80248642,-69.96045181,-70.54662563,-72.49506499,-74.37137374,-75.90994010,-78.30883700,-79.12761501,-78.70605188,-139.13865292,-138.90760896,-138.08336073,-139.17848638,-138.72869307,-137.89944771,-138.10460794,-138.41998247
11573.14629259,-60.25740623,3.69520911,-75.16686568,3.69520911,-138.49173324,0.42219768,63.32486756,-54.46365757,-56.11826978,-58.02890367,-60.27656171,-61.89638576,-64.08013744,-63.98574987,-63.20958401,-69.37311703,-71.02772923,-72.93836312,-75.18602116,-76.80584521,-78.98959689,-78.89520933,-78.11904346,-138.13078642,-139.06202268,-138.01236245,-138.46006525,-138.77077010,-138.88891389,-137.94691336,-138.66203176
11616.23246493,-60.49013289,3.81816662,-75.40548634,3.81816662,-138.01970825,0.25316208,62.61422191,-53.87042879,-56.59347939,-58.46630781,-61.08531513,-62.78639687,-64.75500333,-63.74745019,-62.61668159,-68.78578225,-71.50883284,-73.38166126,-76.00066858,-77.70175033,-79.67035679,-78.66280364,-77.53203504,-137.98465178,-137.92551191,-138.02547395,-138.01315546,-138.08812078,-137.51465725,-138.20781039,-138.39828450
11659.31863727,-60.28926500,3.65811719,-75.21360086,3.65811719,-138.10685531,0.40565491,62.89325444,-53.22200007,-57.09057022,-58.90307413,-61.61225183,-62.99945283,-64.11625551,-62.75204563,-61.61846978,-68.14633593,-72.01490609,-73.82740999,-76.53658769,-77.92378869,-79.04059138,-77.67638149,-76.54280565,-137.87288325,-137.98646783,-138.13612926,-138.30674728,-138.89281963,-137.86692677,-137.52361937,-138.26924906
11702.40480962,-60.01228020,3.56469997,-74.94614064,3.56469997,-137.86024769,0.33914219,62.91410705,-52.56388107,-57.59150228,-59.33972848,-62.08971600,-63.09367026,-63.24690465,-61.62373238,-60.54910648,-67.49774151,-72.52536272,-74.27358892,-77.02357644,-78.02753070,-78.18076509,-76.55759282,-75.48296692,-138.06025168,-137.20231411,-138.03157299,-137.95534879,-138.14013003,-138.07187921,-137.96096329,-137.45952142
11745.49098196,-59.67667786,3.51619091,-74.62075836,3.51619091,-137.91560301,0.48613298,63.29484464,-52.03027607,-58.04935881,-59.67547178,-62.32049862,-62.95722738,-62.30409224,-60.54470396,-59.53179398,-66.97435658,-72.99343932,-74.61955229,-77.26457913,-77.90130789,-77.24817275,-75.48878447,-74.47587449,-137.87466820,-137.91083210,-137.84245507,-138.14786557,-138.56866392,-138.07172927,-136.85562883,-138.05298109
11788.57715431,-59.09009335,3.12320869,-74.04737181,3.12320869,-137.48724583,0.49389153,63.43987403,-52.02980142,-58.32277930,-59.57914524,-61.49506732,-61.83316851,-61.04674023,-59.67669791,-58.73734690,-66.98707988,-73.28005775,-74.53642369,-76.45234577,-76.79044696,-76.00401868,-74.63397636,-73.69462535,-137.34490115,-137.86287618,-136.76289580,-138.34657198,-137.07939506,-137.61474893,-137.22356893,-137.66300864
11831.66332665,-58.50350885,2.79029849,-73.47398525,2.79029849,-137.42663838,0.53473068,63.95265313,-52.02932678,-58.59619979,-59.48281869,-60.66963602,-60.70910964,-59.78938821,-58.80869186,-57.94289981,-66.99980318,-73.56667619,-74.45329509,-75.64011242,-75.67958604,-74.75986461,-73.77916826,-72.91337621,-137.60636546,-138.62726366,-137.31331564,-137.13755236,-137.13107055,-137.43585809,-136.85199009,-137.30969119
11874.74949900,-58.14750947,2.58120660,-73.13315837,2.58120660,-137.20013640,0.48838865,64.06697803,-52.08860954,-58.42206045,-59.23936527,-60.04674422,-60.04570169,-59.20931524,-58.45722877,-57.67105059,-67.07425844,-73.40770935,-74.22501417,-75.03239312,-75.03135059,-74.19496413,-73.44287767,-72.65669948,-137.80713588,-136.78069759,-137.51697313,-137.46604312,-137.31352335,-137.47501452,-136.93281269,-136.30889089
11917.83567134,-57.99763922,2.45106243,-73.00022575,2.45106243,-137.06547030,0.31482455,64.06524455,-52.20131182,-57.84782975,-58.86438934,-59.60491048,-59.79408775,-59.23468868,-58.56752379,-57.86637218,-67.20389834,-72.85041627,-73.86697587,-74.60749701,-74.79667427,-74.23727520,-73.57011031,-72.86895871,-137.08740635,-136.80743186,-136.90541593,-136.49264482,-137.21346092,-137.47033635,-137.29073845,-137.25632770
11960.92184369,-57.84776897,2.35114560,-72.86729313,2.35114560,-137.01630260,0.45518176,64.14900948,-52.31401409,-57.27359905,-58.48941341,-59.16307674,-59.54247380,-59.26006213,-58.67781881,-58.06169378,-67.33353824,-72.29312320,-73.50893756,-74.18260089,-74.56199795,-74.27958628,-73.69734296,-73.08121793,-137.57376866,-136.91971653,-136.45124682,-136.34366956,-136.98397438,-136.98139056,-137.43390713,-137.44274719
12004.00801603,-57.91706919,2.42261039,-72.95053294,2.42261039,-136.73544126,0.49985310,63.78490832,-52.30044431,-57.07121279,-58.50655190,-59.27394332,-59.84237402,-59.41037096,-58.68230067,-58.24935560,-67.33390805,-72.10467654,-73.54001565,-74.30740706,-74.87583776,-74.44383471,-73.71576441,-73.28281934,-136.12395788,-136.42658487,-136.36874405,-136.67764723,-137.49467382,-137.46191795,-136.54724215,-136.78276216
12047.09418838,-58.02008795,2.52443842,-73.06703005,2.52443842,-136.86394377,0.37820651,63.79691371,-52.26744806,-56.92603337,-58.58401569,-59.46984072,-60.22712256,-59.57990063,-58.67050358,-58.43583899,-67.31439016,-71.97297548,-73.63095779,-74.51678282,-75.27406467,-74.62684273,-73.71744568,-73.48278109,-137.07880886,-136.97767115,-136.73845523,-135.97592526,-137.01784151,-137.14577017,-137.03153567,-136.94554228
12090.18036072,-58.08811691,2.58512689,-73.14733132,2.58512689,-136.63389514,0.33990658,63.48656382,-52.26949196,-56.85468514,-58.70876713,-59.64653978,-60.51726901,-59.58395814,-58.58290671,-58.54131741,-67.32870638,-71.91389955,-73.76798154,-74.70575419,-75.57648343,-74.64317255,-73.64212112,-73.60053182,-136.27476864,-136.26515845,-136.27392187,-136.81162568,-136.94663416,-137.01953331,-136.50131576,-136.97820327
12133.26653307,-58.02073083,2.48553191,-73.08754998,2.48553191,-136.55128650,0.37834447,63.46373652,-52.40714583,-57.06907318,-59.01652793,-59.74893881,-60.44129308,-58.94761693,-58.20195482,-58.33329608,-67.47396498,-72.13589233,-74.08334708,-74.81575796,-75.50811223,-74.01443608,-73.26877397,-73.40011523,-136.26607519,-136.20872867,-136.11091693,-137.18428362,-136.66419877,-136.98334273,-136.45601874,-136.53672738
12176.35270541,-57.95334475,2.42533557,-73.02776864,2.42533557,-136.43711417,0.40297618,63.40934553,-52.54479969,-57.28346123,-59.32428873,-59.85133784,-60.36531714,-58.31127572,-57.82100292,-58.12527475,-67.61922358,-72.35788511,-74.39871261,-74.92576173,-75.43974103,-73.38569961,-72.89542681,-73.19969864,-136.51213267,-136.37606273,-136.23892255,-135.86187877,-136.13150538,-136.96189021,-137.05543661,-136.35908447
12219.43887776,-57.94439459,2.36150759,-73.02848583,2.36150759,-136.43763311,0.42950850,63.40914728,-52.65427487,-57.98814891,-59.41933676,-59.73625890,-60.29727155,-57.91181748,-57.58913205,-57.95891622,-67.73836611,-73.07224015,-74.50342800,-74.82035014,-75.38136279,-72.99590872,-72.67322329,-73.04300746,-136.33922250,-135.75263983,-135.90600136,-136.98559722,-136.78167522,-136.76141601,-136.51390368,-136.46060910
12262.52505010,-57.98442748,2.33356763,-73.07991503,2.33356763,-136.14374625,0.47775414,63.06383122,-52.74012967,-59.10382305,-59.33608145,-59.43888225,-60.23587345,-57.71092292,-57.48222615,-57.82748092,-67.83561722,-74.19931060,-74.43156900,-74.53436980,-75.33136099,-72.80641047,-72.57771370,-72.92296846,-136.28803163,-135.28907889,-136.08948549,-136.94209860,-136.31538091,-136.18546668,-135.75147770,-136.28895013
12305.61122244,-58.02446037,2.39091897,-73.13134423,2.39091897,-135.94142194,0.31822151,62.81007771,-52.82598448,-60.21949719,-59.25282614,-59.14150560,-60.17447534,-57.51002836,-57.37532025,-57.69604561,-67.93286834,-75.32638105,-74.35970999,-74.24838946,-75.28135920,-72.61691222,-72.48220410,-72.80292947,-136.36839548,-135.89655648,-136.03652108,-135.86850063,-135.99365430,-135.53039904,-135.50790006,-136.32944846
12348.69739479,-58.18508649,2.62485534,-73.30666154,2.62485534,-135.70215852,0.55419675,62.39549698,-52.58350275,-60.32930990,-59.88168367,-59.48379580,-60.66242503,-57.87030192,-57.27830886,-57.39136400,-67.70507780,-75.45088494,-75.00325871,-74.60537085,-75.78400008,-72.99187696,-72.39988391,-72.51293904,-136.10447851,-135.28671315,-135.43331420,-135.67733118,-135.47042970,-136.74388603,-134.96214807,-135.93896733
12391.78356713,-58.36174313,2.90948571,-73.49844736,2.90948571,-135.61325634,0.27292324,62.11480898,-52.29737508,-60.30541292,-60.60520272,-59.91111725,-61.22339981,-58.30517184,-57.18261276,-57.06365266,-67.43407931,-75.44211715,-75.74190695,-75.04782147,-76.36010404,-73.44187607,-72.31931699,-72.20035689,-135.16703574,-135.58187617,-135.76889065,-135.51672299,-135.29341288,-135.88306560,-135.88568390,-135.80936277
12434.86973948,-58.31948593,3.06808278,-73.47213721,3.06808278,-135.79006308,0.32746957,62.31792587,-52.18219405,-60.01283305,-61.11175764,-60.07588967,-61.34295329,-58.43761364,-56.85723892,-56.53540720,-67.33484533,-75.16548432,-76.26440892,-75.22854095,-76.49560457,-73.59026492,-72.00989020,-71.68805848,-135.59655205,-135.72923647,-136.29183542,-135.35447028,-135.67142589,-135.67872026,-136.27671054,-135.72155369
12477.95591182,-57.50707403,2.75992892,-72.67854970,2.75992892,-135.64318117,0.38804343,62.96463148,-52.66841568,-58.77500732,-60.85501704,-59.31699568,-59.90955473,-57.50609143,-55.72384220,-55.30166818,-67.83989135,-73.94648298,-76.02649270,-74.48847135,-75.08103039,-72.67756710,-70.89531786,-70.47314384,-135.41835235,-136.09978026,-135.65159047,-135.53330889,-135.24874009,-136.32092946,-135.63935864,-135.23338924
12521.04208417,-56.69466213,2.57648220,-71.88496218,2.57648220,-135.66335000,0.38715785,63.77838782,-53.15463731,-57.53718159,-60.59827644,-58.55810169,-58.47615617,-56.57456922,-54.59044547,-54.06792916,-68.34493736,-72.72748163,-75.78857648,-73.74840174,-73.66645622,-71.76486927,-69.78074552,-69.25822921,-135.87114384,-135.67869951,-135.52396420,-136.42666625,-135.32890398,-135.60935319,-135.13088154,-135.73718749
12564.12825651,-55.97489401,2.38032202,-71.18608146,2.38032202,-135.13529923,0.35380649,63.94921778,-53.57354430,-56.74816627,-59.89490017,-57.70674566,-57.33304421,-55.66112406,-53.71025027,-53.17137718,-68.78473174,-71.95935371,-75.10608761,-72.91793310,-72.54423165,-70.87231151,-68.92143771,-68.38256462,-135.12371483,-134.90054426,-135.39749381,-135.22562952,-134.59388062,-135.78349698,-134.96505098,-135.09258286
12607.21442886,-55.32791744,2.13536620,-70.56161322,2.13536620,-135.03882396,0.46282810,64.47721074,-53.93956121,-56.31178771,-58.84059587,-56.78274088,-56.41801458,-54.76188230,-53.02899913,-52.53975786,-69.17325699,-71.54548348,-74.07429165,-72.01643665,-71.65171035,-69.99557808,-68.26269490,-67.77345363,-135.29588975,-134.90963587,-135.12256839,-134.86676724,-135.80790387,-135.21791330,-134.91150344,-134.17840981
12650.30060120,-54.68094087,1.96671045,-69.93714498,1.96671045,-135.41868376,0.26137600,65.48153878,-54.30557812,-55.87540914,-57.78629158,-55.85873610,-55.50298494,-53.86264054,-52.34774799,-51.90813854,-69.56178223,-71.13161325,-73.04249569,-71.11494020,-70.75918905,-69.11884464,-67.60395210,-67.16434265,-135.81086126,-135.25712754,-135.45991672,-135.73427414,-135.03476707,-135.48972005,-135.34009540,-135.22270788
12693.38677355,-54.48383685,1.91653414,-69.76587591,1.91653414,-135.25712667,0.40624732,65.49125076,-54.67636080,-55.66182482,-57.27323938,-55.61780833,-55.32613130,-53.54985815,-52.11416157,-51.65131047,-69.95839985,-70.94386387,-72.55527844,-70.89984739,-70.60817035,-68.83189720,-67.39620062,-66.93334952,-135.14217964,-135.49773918,-135.60749140,-135.99593271,-135.05049798,-135.04783221,-134.78720562,-134.92813460
12736.47294589,-54.33746031,1.90059934,-69.64570941,1.90059934,-134.90661337,0.40447153,65.26090396,-55.04768087,-55.47336269,-56.82121858,-55.45390409,-55.23251412,-53.30320471,-51.93105366,-51.43674372,-70.35592997,-70.78161180,-72.12946769,-70.76215320,-70.54076323,-68.61145382,-67.23930277,-66.74499283,-134.52588378,-134.50055584,-134.86456289,-134.71435523,-135.72122816,-134.99039555,-134.72458326,-135.21134227
12779.55911824,-54.14442310,1.91496780,-69.47977182,1.91496780,-135.24073824,0.32065464,65.76096643,-55.37123172,-55.15743070,-56.37792896,-55.25361127,-55.09060746,-53.02507538,-51.70517419,-51.17432516,-70.70658043,-70.49277941,-71.71327767,-70.58895998,-70.42595618,-68.36042410,-67.04052290,-66.50967387,-135.20064845,-135.48597598,-134.80941878,-135.32979222,-135.38902574,-135.00072724,-134.93193222,-135.77838530
12822.64529058,-53.80144267,1.96449333,-69.16674956,1.96449333,-135.27589295,0.47367514,66.10914340,-55.54127700,-54.43187646,-55.96269683,-54.93638434,-54.79352337,-52.64579882,-51.34184900,-50.75813558,-70.90658388,-69.79718334,-71.32800371,-70.30169122,-70.15883025,-68.01110570,-66.70715588,-66.12344246,-135.22666836,-135.28094967,-135.51833372,-135.38907541,-135.55352553,-134.60191542,-134.62493605,-136.01173947
12865.73146293,-53.45846224,2.04271678,-68.85372729,2.04271678,-135.03614741,0.33246242,66.18242012,-55.71132228,-53.70632221,-55.54746470,-54.61915742,-54.49643928,-52.26652225,-50.97852381,-50.34194600,-71.10658733,-69.10158726,-70.94272975,-70.01442247,-69.89170433,-67.66178730,-66.37378886,-65.73721105,-134.60471496,-135.11016252,-135.13118604,-134.80573475,-134.91325991,-135.24892198,-134.80260304,-135.67259611
12908.81763527,-53.29441230,2.32482505,-68.72183568,2.32482505,-135.01076149,0.30089780,66.28892581,-56.59995484,-53.61074325,-55.28808378,-54.40726503,-54.13140477,-51.81353688,-50.56007415,-49.94423572,-72.02737822,-69.03816662,-70.71550715,-69.83468840,-69.55882814,-67.24096026,-65.98749753,-65.37165909,-135.31499778,-134.81782596,-135.04611886,-134.75964733,-134.63012639,-134.94204615,-135.54913022,-135.02619922
12951.90380762,-53.26207508,2.81368037,-68.72327634,2.81368037,-135.08840264,0.39931608,66.36512630,-58.01754749,-53.97889609,-55.14342665,-54.27291056,-53.71635118,-51.30629363,-50.10104677,-49.56012825,-73.47874875,-69.44009735,-70.60462791,-69.73411182,-69.17755245,-66.76749490,-65.56224803,-65.02132952,-135.24657436,-134.93850216,-135.00275546,-134.37857390,-134.89910620,-135.09480363,-135.73325155,-135.41365384
12994.98997996,-53.22973785,3.35790184,-68.72471700,3.35790184,-135.13771182,0.19126942,66.41299482,-59.43514013,-54.34704893,-54.99876952,-54.13855608,-53.30129760,-50.79905039,-49.64201938,-49.17602079,-74.93011929,-69.84202808,-70.49374867,-69.63353523,-68.79627675,-66.29402954,-65.13699854,-64.67099994,-134.89711534,-135.22166437,-135.17752491,-134.97183713,-135.48858047,-135.27069298,-135.05984925,-135.01443013
13038.07615230,-53.11807553,4.24277864,-68.65040941,4.24277864,-135.33377692,0.37657174,66.68336751,-61.98330710,-54.52739590,-54.43831011,-53.40180023,-52.46652618,-50.23035478,-49.13718988,-48.75972007,-77.51564098,-70.05972977,-69.97064399,-68.93413411,-67.99886006,-65.76268866,-64.66952375,-64.29205395,-135.00042455,-134.74526882,-135.06751122,-135.32550698,-135.60691609,-135.73148924,-135.81257455,-135.38052395
13081.16232465,-52.99901262,5.25250193,-68.56903492,5.25250193,-135.26262821,0.28845699,66.69359329,-64.63695038,-54.69022162,-53.83905866,-52.60884367,-51.59259742,-49.65592601,-48.62808728,-48.34041591,-80.20697269,-70.26024392,-69.40908097,-68.17886597,-67.16261973,-65.22594831,-64.19810959,-63.91043821,-135.20949938,-134.95215457,-134.97511173,-135.38509062,-135.56919219,-134.90842462,-135.55679440,-135.54475820
13124.24849699,-52.83761710,6.14650371,-68.44055848,6.14650371,-135.17858003,0.42620630,66.73802155,-66.86383036,-54.66599007,-53.22354554,-51.86509181,-50.79912368,-49.14128465,-48.18344094,-47.95862971,-82.46677174,-70.26893145,-68.82648692,-67.46803320,-66.40206506,-64.74422603,-63.78638233,-63.56157109,-135.95175107,-134.80533549,-135.25615934,-135.17996219,-134.74414179,-134.83656222,-135.62607052,-135.02865762
13167.33466934,-52.55145178,6.56779971,-68.17325521,6.56779971,-135.48433864,0.47501333,67.31108343,-67.83288164,-54.09043183,-52.56010330,-51.26636438,-50.24278055,-48.80285884,-47.92877093,-47.68742279,-83.45468507,-69.71223525,-68.18190672,-66.88816780,-65.86458398,-64.42466227,-63.55057436,-63.30922621,-135.41529182,-135.68999709,-135.33713238,-135.50951465,-135.20552801,-134.84113421,-136.48893296,-135.38717798
13210.42084168,-52.26528647,7.00407975,-67.90595194,7.00407975,-135.53165924,0.35831838,67.62570730,-68.80193292,-53.51487359,-51.89666105,-50.66763694,-49.68643743,-48.46443303,-47.67410092,-47.41621586,-84.44259839,-69.15553906,-67.53732652,-66.30830241,-65.32710290,-64.10509850,-63.31476638,-63.05688133,-135.97157610,-135.82031076,-135.58663193,-135.44909966,-135.03031528,-135.69986099,-135.71158664,-134.98389255
13253.50701403,-51.82212459,6.59360375,-67.48740586,6.59360375,-135.76803101,0.23970538,68.28062515,-67.50165349,-52.81625693,-51.27986079,-50.16624263,-49.29483905,-48.38590433,-47.69919136,-47.43304814,-83.16693476,-68.48153820,-66.94514206,-65.83152390,-64.96012032,-64.05118560,-63.36447263,-63.09832941,-135.66148428,-135.59084855,-136.01271044,-135.92761842,-135.96240778,-135.92384027,-135.30763645,-135.75770186
13296.59318637,-51.27076238,5.59524839,-66.96462487,5.59524839,-135.65698274,0.49109437,68.69235787,-64.63737586,-52.03282974,-50.69520568,-49.73192928,-49.01678097,-48.48649391,-47.91708969,-47.64839392,-80.33123835,-67.72669223,-66.38906817,-65.42579177,-64.71064347,-64.18035640,-63.61095219,-63.34225641,-135.45452294,-135.83039499,-135.82173896,-135.43636191,-136.60145723,-135.01103514,-135.87362538,-135.22672538
13339.67935872,-50.71940017,4.60063895,-66.44184389,4.60063895,-135.69055101,0.34222192,69.24870712,-61.77309822,-51.24940254,-50.11055056,-49.29761592,-48.73872290,-48.58708348,-48.13498802,-47.86373970,-77.49554194,-66.97184626,-65.83299428,-65.02005964,-64.46116662,-64.30952720,-63.85743174,-63.58618342,-136.27242460,-135.75666803,-135.58580970,-136.03777610,-135.67599461,-135.31890386,-135.63822614,-135.23860504
13382.76553106,-50.47020866,3.78795628,-66.22485713,3.78795628,-136.06700141,0.40683878,69.84214428,-59.54776295,-50.99661982,-49.99372020,-49.28895782,-48.76275614,-48.76574369,-48.34129643,-48.06481227,-75.30241142,-66.75126829,-65.74836867,-65.04360628,-64.51740461,-64.52039215,-64.09594490,-63.81946074,-136.31648645,-136.40205985,-135.71189000,-136.34555831,-135.30000468,-136.04737696,-136.48284280,-135.92979220
13425.85170341,-50.24352845,2.98998978,-66.03065161,2.98998978,-136.15304618,0.48440243,70.12239458,-57.37002797,-50.78336935,-49.91174211,-49.31201042,-48.80929476,-48.95022004,-48.54674140,-48.26482150,-73.15715114,-66.57049251,-65.69886527,-65.09913358,-64.59641792,-64.73734320,-64.33386456,-64.05194467,-136.16109032,-136.09835376,-136.77620847,-135.87700632,-135.34572441,-135.81868328,-136.40401919,-136.74328369
13468.93787575,-50.03146062,2.32382867,-65.85209864,2.32382867,-136.07775770,0.41809868,70.22565906,-55.54147436,-50.52512604,-49.80587512,-49.30748826,-48.84359588,-49.09740801,-48.70658389,-48.42413338,-71.36211238,-66.34576407,-65.62651315,-65.12812628,-64.66423391,-64.91804603,-64.52722191,-64.24477140,-136.50358385,-135.97068491,-136.32487870,-135.82103740,-135.54228177,-136.15033144,-135.60688259,-136.70238094
13512.02404810,-49.85903433,2.01029966,-65.71600906,2.01029966,-135.32387239,0.79212314,69.60786333,-54.66020484,-50.14482295,-49.63520063,-49.22815931,-48.84469828,-49.14343737,-48.74271270,-48.47303855,-70.51717957,-66.00179768,-65.49217536,-65.08513404,-64.70167301,-65.00041211,-64.59968744,-64.33001329,-136.30681726,-134.27446676,-134.86937397,-134.58172314,-134.74984522,-135.74149610,-136.20096422,-135.86629247
13555.11022044,-49.68660804,1.69984569,-65.57991948,1.69984569,-136.25747328,0.51606686,70.67755379,-53.77893532,-49.76451985,-49.46452613,-49.14883036,-48.84580067,-49.18946674,-48.77884152,-48.52194373,-69.67224676,-65.65783129,-65.35783758,-65.04214180,-64.73911211,-65.08277818,-64.67215296,-64.41525517,-135.84581007,-136.20597414,-137.11316228,-135.55102706,-136.14642195,-135.94227507,-136.43354892,-136.82156671
13598.19639279,-49.64632482,1.45656294,-65.57831750,1.45656294,-136.60540107,0.24184990,71.02708357,-53.11314502,-49.82356151,-49.50900613,-49.22010458,-48.93700837,-49.21741214,-48.79118687,-48.55917391,-69.04513770,-65.75555419,-65.44099881,-65.15209726,-64.86900105,-65.14940482,-64.72317955,-64.49116659,-136.73269348,-136.66760955,-136.56993452,-136.90618731,-136.62313235,-136.06848092,-136.69660575,-136.57856465
13641.28256513,-49.69123909,1.27078024,-65.66342462,1.27078024,-136.86282416,0.25446919,71.19939954,-52.58628210,-50.16586492,-49.69220416,-49.38847822,-49.08631028,-49.23369813,-48.78819814,-48.58887680,-68.55846763,-66.13805045,-65.66438969,-65.36066374,-65.05849581,-65.20588366,-64.76038367,-64.56106233,-137.05795678,-137.19038159,-137.07917497,-136.86269689,-136.94332140,-136.49832188,-136.53973759,-136.73100222
13684.36873747,-49.73615337,1.11389136,-65.74853174,1.11389136,-136.51561249,0.38215895,70.76708075,-52.05941918,-50.50816833,-49.87540219,-49.55685185,-49.23561219,-49.24998412,-48.78520942,-48.61857969,-68.07179755,-66.52054670,-65.88778056,-65.56923023,-65.24799057,-65.26236250,-64.79758779,-64.63095806,-137.17501198,-136.23382321,-135.96514331,-136.35542630,-136.28069849,-136.75754709,-136.59935788,-136.75789169
13727.45490982,-49.72331170,1.02409077,-65.77955534,1.02409077,-136.78884223,0.49223222,71.00928688,-51.54103538,-50.83721572,-49.94676622,-49.68358551,-49.28629660,-49.14354151,-48.76292612,-48.58512652,-67.59727903,-66.89345936,-66.00300987,-65.73982915,-65.34254025,-65.19978515,-64.81916977,-64.64137016,-137.27973406,-137.02077209,-137.07598504,-136.46480007,-137.47635063,-136.20906189,-136.17979806,-136.60423596
13770.54108216,-49.70721617,0.98855451,-65.80753198,0.98855451,-136.78729165,0.63596907,70.97975967,-51.02312928,-51.16551629,-50.01182975,-49.80797325,-49.33142510,-49.03018461,-48.73955581,-48.54811526,-67.12344510,-67.26583210,-66.11214556,-65.90828907,-65.43174091,-65.13050042,-64.83987162,-64.64843108,-137.82020029,-136.13434274,-136.39519514,-137.11806054,-136.58648912,-137.55804858,-136.49403719,-136.19195959
13813.62725451,-49.65184038,0.96994864,-65.79735031,0.96994864,-136.69359165,0.35589249,70.89624134,-50.59087151,-51.30120744,-50.00257585,-49.85117830,-49.32203351,-48.92088121,-48.71085573,-48.51511948,-66.73638144,-67.44671737,-66.14808578,-65.99668823,-65.46754344,-65.06639114,-64.85636566,-64.66062941,-137.14069379,-136.30682972,-136.62811941,-136.94290462,-136.67441581,-137.15460916,-136.24458696,-136.45657370
13856.71342685,-49.49808038,0.86851618,-65.69159455,0.86851618,-135.65642979,0.83473014,69.96483524,-50.37313476,-50.95447499,-49.80718109,-49.69104725,-49.17608696,-48.82173051,-48.66880634,-48.49218115,-66.56664893,-67.14798916,-66.00069526,-65.88456142,-65.36960113,-65.01524468,-64.86232051,-64.68569532,-135.80506935,-134.33274804,-135.25585229,-134.92685670,-135.96750067,-135.59186090,-136.99433354,-136.37721679
13899.79959920,-49.34432038,0.76777665,-65.58583879,0.76777665,-136.00170593,0.37656838,70.41586714,-50.15539801,-50.60774254,-49.61178633,-49.53091620,-49.03014040,-48.72257981,-48.62675695,-48.46924282,-66.39691642,-66.84926095,-65.85330474,-65.77243461,-65.27165881,-64.96409822,-64.86827536,-64.71076123,-135.79202799,-135.68692853,-135.66079170,-136.60063493,-135.62351421,-135.96880317,-136.36283001,-136.31811693
13942.88577154,-49.22261789,0.71040361,-65.51464393,0.71040361,-137.05921569,0.38768942,71.54457176,-50.07200768,-50.34570967,-49.46530293,-49.35500289,-48.86284965,-48.66879027,-48.57353803,-48.43774198,-66.36403372,-66.63773571,-65.75732898,-65.64702894,-65.15487570,-64.96081631,-64.86556408,-64.72976803,-137.04703271,-136.85469151,-137.57679399,-137.57771906,-136.66992929,-137.32273995,-136.63536401,-136.78945500
13985.97194389,-49.12023209,0.68555273,-65.46427423,0.68555273,-137.28635266,0.48875882,71.82207843,-50.06956967,-50.13471371,-49.34829176,-49.16957976,-48.68269766,-48.64233373,-48.51358876,-48.40108169,-66.41361181,-66.47875585,-65.69233390,-65.51362190,-65.02673980,-64.98637587,-64.85763090,-64.74512382,-137.56235626,-137.56619670,-137.81883336,-137.43516861,-137.06254173,-137.68359722,-136.64912301,-136.51300437
14029.05811623,-49.01784630,0.66982934,-65.41390453,0.66982934,-136.96766597,0.49414018,71.55376144,-50.06713166,-49.92371776,-49.23128060,-48.98415662,-48.50254567,-48.61587720,-48.45363949,-48.36442139,-66.46318989,-66.31977599,-65.62733883,-65.38021485,-64.89860390,-65.01193543,-64.84969772,-64.76047962,-137.86380258,-137.33976758,-136.68687076,-137.24440860,-136.36565964,-136.55037903,-136.99645231,-136.69398722
14072.14428858,-49.14744718,0.63295413,-65.59948130,0.63295413,-137.17352459,0.28971187,71.57404329,-49.75199727,-50.17150250,-49.45887748,-49.30970700,-48.74944392,-48.85802091,-48.54917538,-48.33085300,-66.20403139,-66.62353661,-65.91091159,-65.76174111,-65.20147803,-65.31005502,-65.00120950,-64.78288711,-137.00602874,-137.51576704,-137.24396372,-137.45765534,-137.35602769,-136.89910530,-136.67879796,-137.23085092
14115.23046092,-49.28604478,0.66953471,-65.79420834,0.66953471,-137.09456417,0.30079109,71.30035582,-49.42473615,-50.43707928,-49.69983867,-49.65507352,-49.01290368,-49.11058125,-48.65074118,-48.29740451,-65.93289972,-66.94524284,-66.20800223,-66.16323708,-65.52106724,-65.61874481,-65.15890474,-64.80556807,-136.86033903,-137.45443216,-136.79984668,-137.28799285,-137.33034520,-137.26149882,-136.60713755,-137.15492103
14158.31663327,-49.41138122,0.78887624,-65.97041963,0.78887624,-137.28702991,0.63681998,71.31661028,-49.16768287,-50.73194162,-49.93426256,-49.99472866,-49.26385413,-49.26997032,-48.69194865,-48.23666093,-65.72672128,-67.29098003,-66.49330097,-66.55376707,-65.82289255,-65.82900874,-65.25098706,-64.79569934,-137.82125258,-136.94488109,-137.58838774,-138.14431967,-137.41068813,-136.22948134,-136.63703681,-137.52019192
14201.40280561,-49.50597054,0.97508885,-66.10370058,0.97508885,-137.21996412,0.49187909,71.11626354,-49.07341236,-51.09470497,-50.15352920,-50.32114149,-49.48580070,-49.21333399,-48.59321029,-48.11263136,-65.67114239,-67.69243500,-66.75125923,-66.91887152,-66.08353073,-65.81106402,-65.19094032,-64.71036139,-137.61520465,-137.19461315,-137.30688492,-137.39712696,-137.86447403,-137.27035436,-136.86931977,-136.24173511
14244.48897796,-49.60055987,1.16846403,-66.23698152,1.16846403,-135.82860652,0.63395180,69.59162499,-48.97914184,-51.45746832,-50.37279583,-50.64755433,-49.70774726,-49.15669766,-48.49447192,-47.98860179,-65.61556349,-68.09388997,-67.00921749,-67.28397598,-66.34416891,-65.79311931,-65.13089358,-64.62502345,-134.40886732,-136.38638715,-136.05765099,-135.52812989,-136.10067691,-135.80991224,-136.30673756,-136.03049007
14287.57515030,-49.82762157,1.40444474,-66.50836180,1.40444474,-137.18421695,0.62608920,70.67585515,-49.10971547,-51.94717127,-50.75689004,-51.14442407,-50.15926902,-49.17313446,-48.42607330,-47.90429493,-65.79045570,-68.62791149,-67.43763026,-67.82516430,-66.84000924,-65.85387469,-65.10681352,-64.58503515,-137.30226139,-137.62590044,-137.46722478,-137.64263604,-137.67473953,-137.36864867,-136.28976344,-136.10256128
14330.66132265,-50.12919898,1.67054535,-66.85742294,1.67054535,-137.42047114,0.55034695,70.56304820,-49.36676394,-52.50827774,-51.23369975,-51.73717583,-50.73992682,-49.23067491,-48.37474077,-47.84233208,-66.09498790,-69.23650170,-67.96192371,-68.46539979,-67.46815078,-65.95889886,-65.10296472,-64.57055604,-138.10758238,-136.92743660,-137.34440645,-138.08210974,-137.91669734,-137.29330967,-136.70605622,-136.98617074
14373.74749499,-50.43077639,1.94278141,-67.20648408,1.94278141,-137.58094532,0.59076035,70.37446124,-49.62381241,-53.06938421,-51.71050946,-52.32992759,-51.32058463,-49.28821535,-48.32340824,-47.78036923,-66.39952010,-69.84509190,-68.48621715,-69.10563528,-68.09629232,-66.06392304,-65.09911593,-64.55607692,-138.33646104,-137.27997306,-137.05808671,-138.14321514,-137.50687342,-138.24902948,-136.76455715,-137.30936657
14416.83366733,-50.57213496,2.34204209,-67.39941901,2.34204209,-138.00470516,0.49257485,70.60528615,-50.12407595,-53.83109682,-52.32494398,-52.65453620,-51.36446935,-48.90939286,-47.90097633,-47.46758813,-66.95136001,-70.65838088,-69.15222804,-69.48182026,-68.19175341,-65.73667692,-64.72826039,-64.29487219,-139.09033046,-138.20497944,-137.70029468,-137.93515478,-137.61872906,-138.05811709,-137.53817475,-137.89186105
14459.91983968,-50.71000101,2.76866640,-67.58895065,2.76866640,-137.67694551,0.34895523,70.08799486,-50.62964118,-54.59718232,-52.94237850,-52.97329973,-51.39665330,-48.52105837,-47.47045507,-47.14933961,-67.50859083,-71.47613196,-69.82132814,-69.85224937,-68.27560294,-65.40000801,-64.34940471,-64.02828925,-137.72931184,-137.63621293,-138.17208320,-137.71070176,-137.28791435,-137.43517639,-138.16243051,-137.28173313
14503.00601202,-50.78355114,3.16535041,-67.71548718,3.16535041,-138.08941395,0.34100498,70.37392677,-51.11611652,-55.25975853,-53.49840961,-53.13149469,-51.29268689,-48.09960679,-47.04215745,-46.82817867,-68.04805256,-72.19169457,-70.43034564,-70.06343073,-68.22462293,-65.03154283,-63.97409349,-63.76011471,-138.36530859,-137.85200777,-137.80863220,-138.45996775,-138.59741524,-137.66532146,-137.93365511,-138.03300349
14546.09218437,-50.71874098,3.48574526,-67.70650482,3.48574526,-137.69546445,0.15249414,69.98895963,-51.56152452,-55.69965929,-53.92234599,-52.94426482,-50.89582560,-47.60691175,-46.61864347,-46.50075239,-68.54928836,-72.68742313,-70.91010983,-69.93202866,-67.88358944,-64.59467559,-63.60640731,-63.48851623,-137.41026635,-137.70832463,-137.58212489,-137.72462027,-137.65297245,-137.74462398,-137.90326086,-137.83752221
14589.17835671,-50.65393081,3.82640389,-67.69752246,3.82640389,-137.69932545,0.50132431,70.00180299,-52.00693252,-56.13956005,-54.34628238,-52.75703495,-50.49896432,-47.11421671,-46.19512949,-46.17332610,-69.05052416,-73.18315170,-71.38987402,-69.80062660,-67.54255596,-64.15780835,-63.23872113,-63.21691775,-136.85040921,-137.47843760,-138.12522870,-138.07952461,-138.02936434,-137.46919972,-138.27548196,-137.28695745
14632.26452906,-50.49772326,3.84561545,-67.59987666,3.84561545,-136.91060720,0.91201524,69.31073054,-52.19531823,-56.12912853,-54.18619986,-52.30078181,-50.10218347,-46.90632266,-46.07528673,-46.08656482,-69.29747162,-73.23128193,-71.28835326,-69.40293521,-67.20433687,-64.00847606,-63.17744013,-63.18871822,-134.99578629,-136.14738962,-137.61739680,-136.94770126,-137.65401166,-137.13823030,-137.34653443,-137.43780721
14675.35070140,-50.29358781,3.70016198,-67.45573662,3.70016198,-137.87805312,0.13699974,70.42231650,-52.24892396,-55.88254715,-53.71986353,-51.70345548,-49.70544480,-46.84777547,-46.11468619,-46.12600591,-69.41107277,-73.04469596,-70.88201234,-68.86560429,-66.86759361,-64.00992429,-63.27683500,-63.28815472,-137.91861398,-137.97577086,-138.10290001,-137.87762479,-137.66043362,-137.86685284,-137.72991413,-137.89231477
14718.43687375,-50.08945236,3.56756212,-67.31159659,3.56756212,-138.27718682,0.61502336,70.96559024,-52.30252969,-55.63596577,-53.25352720,-51.10612915,-49.30870613,-46.78922829,-46.15408565,-46.16544701,-69.52467391,-72.85811000,-70.47567142,-68.32827337,-66.53085036,-64.01137251,-63.37622988,-63.38759123,-137.53027005,-138.26019570,-138.38355051,-138.78853847,-138.86898938,-137.17274868,-138.72860058,-138.48460123
14761.52304609,-49.62867117,3.20185774,-66.91499075,3.20185774,-137.69921976,0.59614680,70.78422902,-51.46521993,-54.76069226,-52.49533710,-50.41525144,-48.85061899,-46.80200589,-46.14224692,-46.09799681,-68.75153951,-72.04701184,-69.78165668,-67.70157102,-66.13693857,-64.08832547,-63.42856650,-63.38431639,-137.36679271,-138.03843599,-137.79775781,-138.73246675,-137.46459375,-136.74981166,-137.38475975,-138.05913968
14804.60921844,-49.16651385,2.83988545,-66.51703120,2.83988545,-137.61893745,0.39588661,71.10190624,-50.62313314,-53.88204774,-51.73558209,-49.72387211,-48.39220290,-46.81516592,-46.13013346,-46.02997348,-67.97365049,-71.23256509,-69.08609944,-67.07438946,-65.74272025,-64.16568327,-63.48065080,-63.38049083,-137.42748001,-137.84927061,-137.17225926,-137.97398402,-138.32466994,-137.30945549,-137.56752908,-137.32685116
14847.69539078,-48.84037774,2.50957426,-66.25651550,2.50957426,-137.69769321,0.49468038,71.44117771,-49.91902262,-53.22773335,-51.07333540,-49.19011804,-48.04391093,-46.93145663,-46.24334057,-46.09410438,-67.33516038,-70.64387110,-68.48947316,-66.60625580,-65.46004869,-64.34759439,-63.65947833,-63.51024214,-137.60195504,-137.61050783,-137.33703631,-138.38827415,-138.54075308,-137.19475570,-137.39548972,-137.51277387
14890.78156313,-48.78628403,2.24326638,-66.27088747,2.24326638,-137.80004626,0.30519250,71.52915878,-49.49086465,-53.02207920,-50.60610534,-48.97161449,-47.91586723,-47.25400868,-46.60718885,-46.42254377,-66.97546809,-70.50668265,-68.09070878,-66.45621794,-65.40047068,-64.73861213,-64.09179230,-63.90714722,-138.27243031,-137.87944649,-137.64000889,-138.03926821,-137.50938226,-137.94987688,-137.31764343,-137.79231361
14933.86773547,-48.73219031,2.00084144,-66.28525945,2.00084144,-137.60203855,0.60326597,71.31677910,-49.06270667,-52.81642505,-50.13887527,-48.75311094,-47.78782352,-47.57656073,-46.97103713,-46.75098316,-66.61577581,-70.36949419,-67.69194441,-66.30618008,-65.34089266,-65.12962986,-64.52410627,-64.30405230,-138.17557153,-137.84792479,-137.86402819,-138.05126288,-137.51886311,-137.34973635,-137.74705579,-136.26186577
14976.95390782,-49.02836254,1.89457312,-66.65282911,1.89457312,-136.71834535,0.56180454,70.06551623,-48.70818927,-53.06506560,-50.27603159,-49.12935728,-48.19176562,-48.16878528,-47.49808893,-47.18961678,-66.33265583,-70.68953216,-67.90049816,-66.75382385,-65.81623219,-65.79325185,-65.12255550,-64.81408335,-135.65064687,-136.83959418,-137.06710887,-137.36653285,-136.96691526,-136.87321524,-136.89393096,-136.08881853
15020.04008016,-49.49549792,1.89363218,-67.19279289,1.89363218,-136.35306416,0.82768695,69.16027128,-48.38961548,-53.53544521,-50.70818603,-49.79589820,-48.85536746,-48.89263570,-48.10479960,-47.68203569,-66.08691044,-71.23274018,-68.40548099,-67.49319317,-66.55266242,-66.58993067,-65.80209456,-65.37933066,-134.78172339,-136.04396573,-136.88416324,-136.88492956,-136.81136041,-136.49692359,-135.62050141,-137.30094598
15063.12625251,-49.95992002,1.95267364,-67.73009119,1.95267364,-137.36173312,0.28210559,69.63164193,-48.07364031,-54.00830352,-51.13970202,-50.45883675,-49.51656103,-49.60842713,-48.70457777,-48.16931167,-65.84381147,-71.77847469,-68.90987319,-68.22900792,-67.28673220,-67.37859829,-66.47474894,-65.93948284,-137.25688816,-137.61178962,-137.62299509,-137.14329035,-137.74141599,-136.91229654,-137.21761783,-137.38757136
15106.21242485,-50.17268577,2.20889192,-68.02016754,2.20889192,-137.61430746,0.56026892,69.59413992,-47.99868646,-54.71106072,-51.51200207,-50.78765513,-49.95438747,-49.57674601,-48.66136758,-48.17958072,-65.84616823,-72.55854249,-69.35948384,-68.63513690,-67.80186924,-67.42422778,-66.50884934,-66.02706249,-137.47071817,-137.13891939,-137.61985792,-137.74816879,-138.88434274,-137.08203330,-137.52464045,-137.44577889
15149.29859719,-50.38545152,2.47200803,-68.31024388,2.47200803,-137.47913845,0.54219204,69.16889457,-47.92373261,-55.41381792,-51.88430212,-51.11647351,-50.39221391,-49.54506490,-48.61815739,-48.18984977,-65.84852498,-73.33861029,-69.80909448,-69.04126588,-68.31700628,-67.46985727,-66.54294975,-66.11464213,-137.62896913,-137.69438626,-138.49857735,-137.37102129,-137.58978076,-136.89723142,-136.71387212,-137.43926923
15192.38476954,-50.58819334,2.54813687,-68.58454300,2.54813687,-137.56271088,0.52497837,68.97816788,-48.03838768,-55.68382927,-52.18855917,-51.39346903,-50.78513355,-49.61245069,-48.69923204,-48.30448527,-66.03473735,-73.68017894,-70.18490883,-69.38981870,-68.78148321,-67.60880036,-66.69558170,-66.30083494,-137.36367845,-137.27367044,-138.56789333,-138.14444480,-137.62161108,-137.11059306,-137.19544202,-137.22435385
15235.47094188,-50.77226463,2.27253355,-68.82945554,2.27253355,-137.47290273,0.34919865,68.64344719,-48.50620746,-55.14781016,-52.36607962,-51.57393953,-51.09440996,-49.86435802,-49.01179906,-48.61351326,-66.56339836,-73.20500107,-70.42327053,-69.63113044,-69.15160087,-67.92154893,-67.06898997,-66.67070417,-137.49691684,-137.05348628,-137.22379426,-137.57635776,-138.16025049,-137.32754869,-137.70776107,-137.23710646
15278.55711423,-50.95633593,2.00548238,-69.07436808,2.00548238,-137.40700181,0.42749119,68.33263372,-48.97402723,-54.61179105,-52.54360008,-51.75441003,-51.40368638,-50.11626535,-49.32436609,-48.92254125,-67.09205938,-72.72982320,-70.66163223,-69.87244218,-69.52171853,-68.23429750,-67.44239824,-67.04057340,-137.08715682,-138.03724362,-137.20999145,-137.96140844,-137.39044379,-137.09509873,-137.61044764,-136.86422397
15321.64328657,-51.27992002,1.81649665,-69.46470522,1.81649665,-137.60540230,0.25878661,68.14069708,-49.75545672,-54.53802976,-52.78343798,-52.04739118,-51.71328931,-50.37510109,-49.68734922,-49.33930494,-67.94024191,-72.72281495,-70.96822318,-70.23217637,-69.89807450,-68.55988629,-67.87213442,-67.52409014,-137.57346206,-137.37277916,-138.10302136,-137.46690554,-137.45493140,-137.39655345,-137.88868882,-137.58687662
15364.72945892,-51.66677155,1.67562743,-69.92099072,1.67562743,-136.43418250,1.11692708,66.51319178,-50.67910457,-54.67389701,-53.05153613,-52.39139459,-52.02304030,-50.63707879,-50.07319547,-49.80492553,-68.93332374,-72.92811619,-71.30575530,-70.64561377,-70.27725947,-68.89129796,-68.32741465,-68.05914471,-134.03709484,-135.75855014,-136.29034893,-136.65756058,-136.85969434,-137.05885069,-137.42441527,-137.38694526
15407.81563126,-52.05095695,1.55568398,-70.37473443,1.55568398,-136.93654617,0.35055888,66.56181175,-51.59404185,-54.79617237,-53.31933218,-52.73634968,-52.33485134,-50.89960839,-50.45676534,-50.27053448,-69.91781932,-73.11994985,-71.64310965,-71.06012715,-70.65862881,-69.22338586,-68.78054282,-68.59431196,-136.33216627,-136.74332702,-137.35348159,-136.75178977,-137.20717570,-136.82639759,-137.34187163,-136.93615983
15450.90180361,-52.33782907,1.36556846,-70.73570249,1.36556846,-137.47350353,0.28124255,66.73780104,-52.19104342,-54.42234383,-53.57610194,-53.11604071,-52.72185424,-51.18228229,-50.75724746,-50.73571867,-70.58891684,-72.82021725,-71.97397536,-71.51391412,-71.11972766,-69.58015571,-69.15512088,-69.13359209,-137.50465990,-136.98757270,-137.64856921,-137.59715148,-137.09185550,-137.52716606,-137.66572713,-137.76532628
15493.98797595,-52.62470119,1.21504351,-71.09667055,1.21504351,-137.40454777,0.49470944,66.30787722,-52.78804500,-54.04851529,-53.83287171,-53.49573174,-53.10885714,-51.46495619,-51.05772958,-51.20090285,-71.26001436,-72.52048465,-72.30484107,-71.96770110,-71.58082650,-69.93692555,-69.52969894,-69.67287221,-138.38482170,-137.45877181,-137.53291035,-137.08679439,-136.66665430,-137.15262590,-137.55881346,-137.39499026
15537.07414830,-52.98507528,1.26847756,-71.53284503,1.26847756,-137.36228677,0.44818617,65.82944174,-53.49126086,-54.06885621,-54.32594442,-53.91347225,-53.60840055,-51.67364685,-51.26500889,-51.53401224,-72.03903061,-72.61662595,-72.87371416,-72.46124200,-72.15617029,-70.22141659,-69.81277863,-70.08178198,-136.77778319,-137.61199017,-137.60206215,-136.92265282,-137.53586510,-137.59785972,-137.99855131,-136.85152968
15580.16032064,-53.47313895,1.60995506,-72.09967007,1.60995506,-137.56343436,0.42785259,65.46376430,-54.37899498,-54.77395869,-55.22952881,-54.39731333,-54.30345228,-51.75381187,-51.31037383,-51.63767783,-73.00552609,-73.40048981,-73.85605993,-73.02384445,-72.92998339,-70.38034299,-69.93690495,-70.26420894,-137.09468442,-137.41207173,-137.95867432,-137.17315650,-137.72068137,-137.60341198,-138.32763618,-137.21715842
15623.24649299,-53.96120262,1.95992350,-72.66649511,1.95992350,-137.30498565,0.23473131,64.63849054,-55.26672909,-55.47906117,-56.13311320,-54.88115441,-54.99850401,-51.83397690,-51.35573877,-51.74134342,-73.97202158,-74.18435366,-74.83840569,-73.58644690,-73.70379650,-70.53926938,-70.06103126,-70.44663591,-137.43920553,-137.35709805,-136.91062778,-137.56553666,-137.51373533,-137.08244943,-137.44006153,-137.13117088
15666.33266533,-54.08308053,2.10127254,-72.87043907,2.10127254,-137.19396136,0.46782723,64.32352229,-55.58146529,-55.42969176,-56.63857838,-55.07543295,-55.08314357,-51.81735506,-51.35226469,-51.68671250,-74.36882384,-74.21705031,-75.42593693,-73.86279150,-73.87050212,-70.60471361,-70.13962324,-70.47407105,-137.78359438,-136.48041877,-137.37592222,-137.73601914,-137.26694504,-136.72215727,-136.86959240,-137.31704166
15709.41883768,-54.05099396,2.16926890,-72.92180804,2.16926890,-137.10024704,0.49825187,64.17843900,-55.65528190,-55.06310121,-56.97665253,-55.14796360,-54.91113257,-51.76003876,-51.32825603,-51.56552510,-74.52609598,-73.93391529,-75.84746661,-74.01877768,-73.78194665,-70.63085284,-70.19907010,-70.43633918,-136.84529958,-137.10049922,-136.67020345,-136.70421540,-136.94203668,-136.78821794,-137.92959917,-137.82190485
15752.50501002,-53.99585982,2.24497893,-72.95033224,2.24497893,-136.12753377,1.11172030,63.17720153,-55.75300962,-54.67585444,-57.24692894,-55.17624948,-54.71088341,-51.69055288,-51.28340159,-51.42999819,-74.70748204,-73.63032686,-76.20140136,-74.13072190,-73.66535583,-70.64502530,-70.23787401,-70.38447061,-134.42506297,-134.35668833,-136.34691536,-136.35928394,-136.63109918,-137.05088899,-136.66370726,-137.18662410
15795.59118236,-53.42359557,2.19546766,-72.46627690,2.19546766,-137.29816551,0.17212533,64.83188861,-56.38724262,-53.82513374,-55.99599356,-54.21179301,-53.87704053,-51.34801222,-50.77082017,-50.97272868,-75.42992395,-72.86781508,-75.03867490,-73.25447435,-72.91972187,-70.39069356,-69.81350151,-70.01541002,-137.36713419,-137.53069542,-137.19599282,-137.31451569,-137.15309075,-137.01003510,-137.47810310,-137.33575700
15838.67735471,-52.85133132,2.29199579,-71.98222157,2.29199579,-137.09292879,0.38721881,65.11070722,-57.02147562,-52.97441304,-54.74505818,-53.24733655,-53.04319766,-51.00547157,-50.25823876,-50.51545916,-76.15236587,-72.10530329,-73.87594843,-72.37822680,-72.17408791,-70.13636182,-69.38912902,-69.64634942,-136.93650563,-136.39863619,-136.95408895,-137.51248505,-136.99198455,-136.96377552,-137.51306013,-137.47289432
15881.76352705,-52.40185853,2.47347297,-71.62280549,2.47347297,-137.04646700,0.35525429,65.42366151,-57.45828670,-52.55850761,-53.80128111,-52.48494250,-52.38738085,-50.66674579,-49.81280708,-50.04491659,-76.67923366,-71.77945458,-73.02222807,-71.70588946,-71.60832781,-69.88769276,-69.03375404,-69.26586356,-137.32518491,-136.38048998,-136.70392159,-137.26784010,-137.05787317,-136.94221164,-137.30172938,-137.39248525
15924.84969940,-52.15159986,2.63458886,-71.46560136,2.63458886,-136.93377669,0.26141953,65.46817533,-57.57480488,-52.84803674,-53.35583081,-52.05036998,-52.02038954,-50.33420918,-49.47631761,-49.55284011,-76.88880638,-72.16203824,-72.66983232,-71.36437149,-71.33439105,-69.64821068,-68.79031911,-68.86684161,-136.50414451,-137.14377689,-136.91632271,-137.24005512,-137.22975571,-136.68810131,-136.85843132,-136.88962596
15967.93587174,-51.90134119,2.81620030,-71.30839723,2.81620030,-136.78290905,0.61905677,65.47451182,-57.69132307,-53.13756587,-52.91038052,-51.61579747,-51.65339824,-50.00167257,-49.13982814,-49.06076363,-77.09837911,-72.54462191,-72.31743656,-71.02285351,-71.06045428,-69.40872861,-68.54688418,-68.46781967,-136.80136015,-136.77438417,-136.84584042,-136.24834998,-138.01393584,-135.86108487,-136.94769500,-136.77062200
16011.02204409,-51.76013822,2.93068541,-71.26382743,2.93068541,-136.94806213,0.62556622,65.68423470,-57.56550760,-53.18069738,-52.98747971,-51.67020966,-51.52348066,-49.77428282,-48.81846166,-48.56098626,-77.06919681,-72.68438659,-72.49116892,-71.17389887,-71.02716987,-69.27797203,-68.32215087,-68.06467547,-137.42208922,-136.87220570,-137.31160305,-136.50520246,-137.43782751,-135.76034545,-136.65897321,-137.61625044
16054.10821643,-51.66134580,3.03299476,-71.26305987,3.03299476,-137.06634884,0.44480692,65.80328897,-57.34545127,-53.12800760,-53.26779259,-51.91478256,-51.48575841,-49.58778351,-48.50297634,-48.05821410,-76.94716535,-72.72972167,-72.86950667,-71.51649663,-71.08747249,-69.18949758,-68.10469042,-67.65992817,-137.14968910,-136.17782787,-136.96234823,-136.94877527,-137.38735233,-137.28358853,-136.92696463,-137.69424477
16097.19438878,-51.55324480,3.18860192,-71.25328434,3.18860192,-136.29759772,0.93319973,65.04431338,-57.27082223,-53.05068565,-53.48446150,-52.11172142,-51.40682295,-49.37654898,-48.17257032,-47.55232534,-76.97086177,-72.75072520,-73.18450104,-71.81176097,-71.10686250,-69.07658852,-67.87260987,-67.25236488,-135.11707898,-135.14033916,-135.77201582,-136.35357254,-136.12257940,-137.51928590,-137.25068568,-137.10522428
16140.28056112,-51.29578343,3.96997247,-71.09897180,3.96997247,-135.71988198,1.08815679,64.62091018,-59.52964001,-52.57812943,-52.67993386,-51.54435056,-50.66660269,-48.76842666,-47.60275490,-46.99642929,-79.33282838,-72.38131780,-72.48312223,-71.34753893,-70.46979106,-68.57161503,-67.40594327,-66.79961766,-134.48236638,-134.41302668,-135.04173324,-135.86196090,-135.22025735,-136.92584507,-136.75354435,-137.06032185
16183.36673347,-51.03832205,4.84194565,-70.94465925,4.84194565,-136.69416242,0.32924978,65.74950317,-61.78845780,-52.10557321,-51.87540623,-50.97697969,-49.92638243,-48.16030434,-47.03293947,-46.44053325,-81.69479500,-72.01191041,-71.78174343,-70.88331689,-69.83271963,-68.06664154,-66.93927667,-66.34687045,-136.87530623,-136.44365527,-136.30705173,-136.55671287,-136.80987423,-136.33714484,-137.06243578,-137.16111844
16226.45290581,-50.90167509,5.85170800,-70.90472060,5.85170800,-136.95773030,0.26593203,66.05300969,-64.34458672,-51.87311262,-51.28206066,-50.42187879,-49.27055951,-47.57445607,-46.50885686,-45.93788951,-84.34763224,-71.87615813,-71.28510617,-70.42492430,-69.27360502,-67.57750158,-66.51190237,-65.94093502,-137.09696930,-136.94902021,-136.83822574,-137.05416592,-137.03988003,-136.35777212,-137.13941973,-137.18638931
16269.53907816,-50.94827684,7.02098870,-71.03826183,7.02098870,-137.01594188,0.33954261,65.97768005,-67.35167081,-52.00482392,-51.00903151,-49.88538870,-48.74274867,-47.02239259,-46.05414079,-45.51601771,-87.44165580,-72.09480891,-71.09901650,-69.97537369,-68.83273366,-67.11237758,-66.14412579,-65.60600270,-136.97067936,-137.33522685,-137.54232645,-137.06479115,-136.54409562,-137.12378286,-136.58415656,-136.96247619
16312.62525050,-50.99487858,8.20425446,-71.17180305,8.20425446,-136.76816816,0.34904148,65.59636511,-70.35875489,-52.13653521,-50.73600235,-49.34889861,-48.21493783,-46.47032912,-45.59942473,-45.09414591,-90.53567936,-72.31345968,-70.91292682,-69.52582308,-68.39186230,-66.64725359,-65.77634920,-65.27107038,-136.90272324,-136.29176071,-136.57271554,-136.75071527,-136.34389067,-136.94271524,-137.30299334,-137.03783125
16355.71142285,-50.35906263,7.64489199,-70.63001245,7.64489199,-136.81983394,0.29116845,66.18982148,-68.32587816,-51.63633394,-50.31726576,-48.76506761,-47.67863782,-46.00654060,-45.27393006,-44.86884711,-88.59682798,-71.90728376,-70.58821558,-69.03601743,-67.94958764,-66.27749041,-65.54487988,-65.13979693,-136.92114787,-137.03542118,-136.82021811,-136.69114089,-136.72196807,-137.24276674,-136.87905516,-136.24695347
16398.79759519,-49.47846643,6.46560396,-69.84598327,6.46560396,-136.67353495,0.33320293,66.82755169,-64.48518941,-50.90946838,-49.84626455,-48.16425565,-47.13929280,-45.57441591,-44.99478655,-44.71405820,-84.85270625,-71.27698521,-70.21378139,-68.53177248,-67.50680963,-65.94193275,-65.36230338,-65.08157503,-136.23072075,-136.86961905,-136.81650386,-136.67171040,-137.23532515,-136.82286350,-136.39256477,-136.34897216
16441.88376754,-48.61899938,5.35438253,-69.08349164,5.35438253,-136.46128312,0.28862857,67.37779148,-60.82316757,-50.16233233,-49.35464654,-47.56566282,-46.61287559,-45.15201307,-44.71975646,-44.56154064,-81.28765983,-70.62682459,-69.81913880,-68.03015508,-67.07736785,-65.61650533,-65.18424872,-65.02603290,-136.70203521,-136.20916011,-136.16552764,-136.70707327,-136.38139874,-136.95604286,-136.27860636,-136.29042075
16484.96993988,-48.02138287,4.92949505,-68.58791190,4.92949505,-135.77266644,1.53009696,67.18475454,-59.37533914,-49.16398711,-48.60752753,-46.99457149,-46.24667098,-44.85009154,-44.49570351,-44.43717168,-79.94186816,-69.73051613,-69.17405656,-67.56110051,-66.81320000,-65.41662057,-65.06223253,-65.00370070,-132.71206037,-134.16853852,-135.79880508,-136.91803914,-136.53879512,-136.89062978,-136.62101111,-136.53345238
16528.05611222,-47.42376637,4.50927634,-68.09233216,4.50927634,-135.95983820,1.00294818,67.86750605,-57.92751071,-48.16564188,-47.86040853,-46.42348016,-45.88046637,-44.54817002,-44.27165056,-44.31280271,-78.59607650,-68.83420767,-68.52897431,-67.09204595,-66.54903216,-65.21673581,-64.94021635,-64.98136850,-133.90288894,-135.05105135,-136.02097253,-136.83059519,-136.21188135,-136.79847733,-136.35784196,-136.50499698
16571.14228457,-46.88405533,4.14779235,-67.65693961,4.14779235,-136.37533786,0.55622736,68.71839825,-56.63734723,-47.27578931,-47.21963349,-45.92441383,-45.53962132,-44.25693463,-44.04470991,-44.17399293,-77.41023151,-68.04867359,-67.99251777,-66.69729811,-66.31250560,-65.02981892,-64.81759420,-64.94687721,-135.73224006,-135.38190922,-136.64924309,-136.76901627,-136.35783298,-136.32948040,-136.89287218,-136.89010873
16614.22845691,-46.42653270,3.86521567,-67.30697406,3.86521567,-136.37018213,0.85763244,69.06320806,-55.57096627,-46.53992629,-46.72979827,-45.52757654,-45.23477048,-43.98086667,-43.81367061,-44.01468650,-76.45140763,-67.42036765,-67.61023963,-66.40801790,-66.11521184,-64.86130803,-64.69411197,-64.89512786,-136.43581333,-135.38300662,-137.86286956,-137.15536687,-135.28136185,-136.07179250,-136.54411167,-136.22713461
16657.31462926,-45.96901008,3.58624282,-66.95700851,3.58624282,-136.26863595,0.49249772,69.31162743,-54.50458530,-45.80406328,-46.23996306,-45.13073925,-44.92991964,-43.70479871,-43.58263131,-43.85538006,-75.49258374,-66.79206171,-67.22796150,-66.11873769,-65.91791808,-64.69279715,-64.57062975,-64.84337850,-136.82706286,-135.37686959,-136.56079579,-136.76244606,-135.90208429,-135.96388844,-136.30570264,-136.45023790
16700.40080160,-45.78948261,3.45889773,-66.88924825,3.45889773,-136.30291882,0.35284705,69.41367057,-54.03877304,-45.75776614,-45.94651363,-44.91289477,-44.69677523,-43.67390059,-43.51739330,-43.77184419,-75.13853867,-66.85753178,-67.04627927,-66.01266041,-65.79654087,-64.77366623,-64.61715894,-64.87160983,-136.24943540,-135.64886103,-136.40406187,-136.01329571,-136.62598169,-136.22614373,-136.74048628,-136.51508486
16743.48697395,-45.70163440,3.38539514,-66.91455568,3.38539514,-136.26392426,0.30714085,69.34936857,-53.77102066,-45.93887902,-45.71782972,-44.75407983,-44.48727867,-43.72385635,-43.50683444,-43.71329648,-74.98394194,-67.15180030,-66.93075101,-65.96700111,-65.70019996,-64.93677764,-64.71975573,-64.92621777,-136.44180534,-135.74033145,-136.50516332,-136.34127476,-136.52599093,-135.85085900,-136.22029572,-136.48567352
16786.57314629,-45.61602863,3.31561132,-66.94262336,3.31561132,-136.20600299,0.64445958,69.26337963,-53.48931191,-46.13248682,-45.52111109,-44.61895407,-44.29602273,-43.76264034,-43.47688763,-43.63081448,-74.81590663,-67.45908155,-66.84770581,-65.94554879,-65.62261745,-65.08923506,-64.80348235,-64.95740921,-136.82131667,-135.65601568,-135.22757080,-137.27331303,-136.21775212,-136.23135339,-135.87514847,-136.34555379
16829.65931864,-45.55291331,3.23776631,-66.99837462,3.23776631,-136.46999089,0.32089813,69.47161627,-53.06762897,-46.45141137,-45.64498532,-44.72141683,-44.28770933,-43.68937799,-43.25249107,-43.30828561,-74.51309028,-67.89687268,-67.09044662,-66.16687814,-65.73317064,-65.13483930,-64.69795238,-64.75374692,-136.93939362,-136.67021983,-136.42284537,-136.59211426,-136.60459736,-135.86579341,-136.43800618,-136.22695713
16872.74549098,-45.48979799,3.17754442,-67.05412588,3.17754442,-135.68171513,0.52217347,68.62758925,-52.64594603,-46.77033593,-45.76885955,-44.82387960,-44.27939594,-43.61611564,-43.02809452,-42.98575675,-74.21027392,-68.33466382,-67.33318744,-66.38820750,-65.84372383,-65.18044353,-64.59242241,-64.55008464,-136.44422782,-135.42358946,-135.23127915,-135.37278423,-136.23361435,-136.22868327,-135.22490981,-135.29463299
16915.83166333,-45.43294794,3.11249837,-67.11865883,3.11249837,-136.42017805,0.51751725,69.30151922,-52.33339687,-46.78242914,-45.83264177,-44.90193216,-44.32867758,-43.55030623,-42.90946533,-42.82473444,-74.01910776,-68.46814003,-67.51835266,-66.58764305,-66.01438847,-65.23601712,-64.59517622,-64.51044533,-136.72931344,-137.00488208,-136.28741848,-136.14219430,-137.04245613,-136.15357024,-136.51671685,-135.48487293
16958.91783567,-45.38442563,3.02619537,-67.19486433,3.02619537,-136.45651105,0.32404126,69.26164673,-52.16590753,-46.38668442,-45.81655014,-44.94753885,-44.45451411,-43.49440321,-42.93142135,-42.87838544,-73.97634623,-68.19712311,-67.62698884,-66.75797754,-66.26495281,-65.30484190,-64.74186004,-64.68882414,-136.77116246,-136.27326039,-136.68171421,-136.69875675,-136.35886036,-135.85972679,-136.75207180,-136.25653566
17002.00400802,-45.33590332,2.94660764,-67.27106982,2.94660764,-136.47674010,0.40212849,69.20567028,-51.99841819,-45.99093970,-45.80045852,-44.99314553,-44.58035065,-43.43850018,-42.95337736,-42.93203645,-73.93358469,-67.92610620,-67.73562502,-66.92831203,-66.51551715,-65.37366668,-64.88854386,-64.86720295,-136.44279205,-136.78676653,-135.59873868,-136.64894348,-136.71618330,-136.52474070,-136.83456916,-136.26118694
17045.09018036,-45.52963604,3.12403642,-67.59417698,3.12403642,-136.36512640,0.27778714,68.77094943,-52.90783343,-45.70579378,-45.57333958,-44.97071139,-44.67626973,-43.65260283,-43.37694779,-43.37358981,-74.97237436,-67.77033471,-67.63788052,-67.03525233,-66.74081067,-65.71714376,-65.44148873,-65.43813075,-136.41398658,-136.38478414,-135.94990087,-136.56904383,-136.41252041,-136.14691449,-136.85685874,-136.18700217
17088.17635271,-45.79654997,3.42816732,-67.99186901,3.42816732,-136.09270856,0.28930276,68.10083955,-54.14256358,-45.45405791,-45.28247282,-44.92772326,-44.76315125,-43.94826968,-43.92183924,-43.93232202,-76.33788262,-67.64937695,-67.47779186,-67.12304229,-66.95847029,-66.14358872,-66.11715828,-66.12764106,-136.47338927,-135.92861930,-136.15831527,-136.20786407,-136.20177881,-136.37029234,-135.69118182,-135.71022761
17131.26252505,-46.13424194,3.76678772,-68.46100853,3.76678772,-136.54941444,0.38518665,68.08840591,-55.41912637,-45.31313654,-45.09021890,-44.97750532,-44.93027941,-44.31045919,-44.50430316,-44.52890662,-77.74589297,-67.63990313,-67.41698549,-67.30427192,-67.25704600,-66.63722578,-66.83106975,-66.85567321,-136.30212387,-136.11030844,-136.34019003,-137.00947178,-137.06124241,-136.17940222,-136.90505400,-136.48752278
17174.34869739,-47.06469997,4.04238899,-69.52852079,4.04238899,-136.38953462,0.39240219,66.86101382,-57.04603740,-46.10028656,-45.72384750,-45.80423780,-45.76947317,-45.22977586,-45.40143648,-45.44250500,-79.50985823,-68.56410738,-68.18766833,-68.26805863,-68.23329399,-67.69359668,-67.86525731,-67.90632582,-136.65609545,-136.74772840,-136.25385070,-136.47174873,-136.59437845,-136.65729025,-135.55548004,-136.17970492
17217.43486974,-47.99515800,4.32072237,-70.59603306,4.32072237,-136.24772829,0.41562728,65.65169524,-58.67294844,-46.88743658,-46.35747611,-46.63097029,-46.60866692,-46.14909252,-46.29856980,-46.35610338,-81.27382349,-69.48831163,-68.95835116,-69.23184534,-69.20954198,-68.74996758,-68.89944486,-68.95697843,-135.68475924,-136.46253962,-136.75377921,-135.67496404,-136.70724292,-136.35096080,-136.05284924,-136.29473128
17260.52104208,-48.35970458,4.00761381,-71.10054370,4.00761381,-136.19516413,0.41151994,65.09462043,-58.26585105,-47.33401235,-46.62789036,-46.96184617,-47.00639945,-46.83176422,-46.86726116,-46.98261190,-81.00669016,-70.07485146,-69.36872947,-69.70268529,-69.74723857,-69.57260333,-69.60810028,-69.72345102,-135.48468139,-136.01912888,-136.55746070,-136.61862590,-135.95760365,-136.49493316,-135.90456207,-136.52431727
17303.60721443,-48.01940336,2.96820090,-70.90383076,2.96820090,-136.52105073,0.49124003,65.61721997,-55.32537789,-47.35639982,-46.44591787,-46.67512820,-46.85428805,-47.21969247,-47.02687511,-47.25154745,-78.20980530,-70.24082723,-69.33034528,-69.55955561,-69.73871545,-70.10411987,-69.91130251,-70.13597485,-136.38715112,-135.90375759,-137.35208735,-136.70634813,-136.62410544,-136.70347992,-136.67572982,-135.81574645
17346.69338677,-47.67910213,1.96870668,-70.70711783,1.96870668,-136.50958995,0.28860076,65.80247213,-52.38490474,-47.37878730,-46.26394539,-46.38841024,-46.70217664,-47.60762072,-47.18648905,-47.52048299,-75.41292043,-70.40680299,-69.29196108,-69.41642593,-69.73019234,-70.63563641,-70.21450474,-70.54849868,-136.97039764,-136.46476508,-136.59894437,-136.36879211,-136.63436608,-136.02140047,-136.30049293,-136.71756095
17389.77955912,-47.39258452,1.46596996,-70.53716296,1.46596996,-136.31714001,0.56207781,65.77997705,-50.77998651,-47.66760224,-46.25901210,-46.34175625,-46.43710091,-47.39010414,-46.96531715,-47.29979684,-73.92456495,-70.81218067,-69.40359054,-69.48633469,-69.58167935,-70.53468258,-70.10989558,-70.44437528,-136.84666192,-135.98631419,-137.03108101,-136.18758087,-135.72195494,-135.94867628,-135.77938482,-137.03546605
17432.86573146,-47.12088484,1.14492555,-70.37458021,1.14492555,-136.36396551,0.23568111,65.98938530,-49.54302730,-48.02982065,-46.30285493,-46.36124234,-46.14090235,-47.00578135,-46.63923486,-46.94421492,-72.79672267,-71.28351603,-69.55655030,-69.61493771,-69.39459772,-70.25947672,-69.89293023,-70.19791030,-136.60808672,-136.01726826,-136.69821258,-136.46960788,-136.16899581,-136.18019454,-136.46683892,-136.30251936
17475.95190381,-46.79150733,0.93016718,-70.15807165,0.93016718,-136.37438612,0.44073526,66.21631447,-48.25641310,-48.22626097,-46.27014770,-46.27900082,-45.78176000,-46.58584065,-46.31774764,-46.61488773,-71.62297742,-71.59282530,-69.63671202,-69.64556515,-69.14832432,-69.95240497,-69.68431197,-69.98145206,-135.95974375,-135.96764995,-136.14965445,-137.23133078,-136.72315706,-136.20882029,-136.58765298,-136.16707965
17519.03807615,-46.04960793,0.71263493,-69.55587631,0.71263493,-136.37236439,0.32338437,66.81648808,-46.61465771,-47.23702750,-45.68994114,-45.46918580,-44.97243272,-45.91115452,-46.02912518,-46.47333891,-70.12092609,-70.74329587,-69.19620951,-68.97545417,-68.47870110,-69.41742290,-69.53539355,-69.97960729,-136.52300656,-136.29483550,-136.32886781,-136.85974718,-136.08003805,-136.76979542,-136.17748351,-135.94514108
17562.12424850,-45.30770854,0.75655579,-68.95368097,0.75655579,-136.13582102,0.45606295,67.18214005,-44.97290233,-46.24779402,-45.10973458,-44.65937077,-44.16310545,-45.23646839,-45.74050271,-46.33179009,-68.61887476,-69.89376644,-68.75570701,-68.30534320,-67.80907788,-68.88244082,-69.38647514,-69.97776252,-136.57684293,-135.46739688,-136.64669665,-135.96298916,-136.61469607,-136.13164202,-136.09129449,-135.59500997
17605.21042084,-44.77831453,0.96706577,-68.56725440,0.96706577,-135.90591869,0.70083488,67.33866430,-43.63661134,-45.37374602,-44.61183293,-44.06679157,-43.72920514,-44.80921684,-45.63209223,-46.36702019,-67.42555121,-69.16268588,-68.40077280,-67.85573144,-67.51814500,-68.59815671,-69.42103209,-70.15596005,-135.38787053,-135.53913114,-134.82271937,-135.69389631,-137.00978052,-135.88887435,-136.43497152,-136.47010582
17648.29659319,-44.49704820,1.23524647,-68.43276592,1.23524647,-135.51829351,0.48557370,67.08552759,-42.65698976,-44.63419205,-44.21003298,-43.72786345,-43.73366465,-44.67087734,-45.73410269,-46.60866268,-66.59270748,-68.56990978,-68.14575070,-67.66358118,-67.66938237,-68.60659506,-69.66982041,-70.54438040,-135.30244195,-135.56341053,-134.83317977,-136.01339246,-134.96472549,-135.55310528,-135.64746058,-136.26863205
17691.38276553,-44.21578187,1.57167455,-68.29827745,1.57167455,-136.01976020,0.37730823,67.72148276,-41.67736817,-43.89463809,-43.80823303,-43.38893533,-43.73812416,-44.53253784,-45.83611314,-46.85030517,-65.75986376,-67.97713367,-67.89072861,-67.47143092,-67.82061974,-68.61503342,-69.91860872,-70.93280075,-136.34524560,-135.41084439,-135.75666541,-136.00255388,-135.73532413,-136.53637615,-136.03136534,-136.33970673
17734.46893788,-43.99143956,1.67153375,-68.22652602,1.67153375,-135.64862055,0.51482416,67.42209453,-41.56735703,-43.21893903,-43.43282643,-43.10866710,-43.61436727,-44.31895495,-45.71956906,-46.95083563,-65.80244348,-67.45402549,-67.66791288,-67.34375355,-67.84945373,-68.55404141,-69.95465552,-71.18592208,-136.82528132,-135.56839884,-135.33213248,-135.20324289,-135.78323427,-135.27745736,-135.65024477,-135.54897245
17777.55511022,-43.78132827,1.73656701,-68.17045885,1.73656701,-135.45982109,0.31669995,67.28936224,-41.67474849,-42.55920371,-43.06401816,-42.84306383,-43.45855628,-44.08656123,-45.54838635,-47.01608808,-66.06387907,-66.94833429,-67.45314874,-67.23219441,-67.84768686,-68.47569181,-69.93751693,-71.40521866,-135.72061026,-135.41358954,-135.90065714,-134.87579997,-135.60740951,-135.43402869,-135.52970289,-135.19677068
17820.64128257,-43.56506936,1.83113090,-68.10928464,1.83113090,-135.71228527,0.45488167,67.60300062,-41.86798500,-41.88374506,-42.63923095,-42.53883456,-43.25894339,-43.86720657,-45.38356650,-47.08104282,-66.41220029,-66.42796035,-67.18344624,-67.08304984,-67.80315867,-68.41142186,-69.92778179,-71.62525810,-136.00828791,-135.39362398,-136.31989754,-136.17761896,-134.91634678,-135.72866370,-135.61627673,-135.53756652
17863.72745491,-43.31062432,2.00383649,-68.01638789,2.00383649,-135.64179662,0.35901129,67.62540873,-42.59445133,-41.11062039,-41.86672841,-41.99467839,-42.78725331,-43.72884464,-45.25826988,-47.14414826,-67.30021489,-65.81638395,-66.57249197,-66.70044195,-67.49301687,-68.43460820,-69.96403344,-71.84991182,-136.03557097,-135.32789848,-135.81769546,-135.34255828,-135.17963619,-135.62061330,-136.20129610,-135.60910415
17906.81362725,-43.05617929,2.27618751,-67.92349113,2.27618751,-135.58217734,0.36161731,67.65868621,-43.32091766,-40.33749571,-41.09422586,-41.45052222,-42.31556322,-43.59048271,-45.13297325,-47.20725370,-68.18822950,-65.20480755,-65.96153770,-66.31783406,-67.18287506,-68.45779455,-70.00028508,-72.07456554,-135.80112431,-135.20845145,-135.75626922,-135.65014209,-135.32993935,-135.46579940,-136.25954474,-135.18614814
17949.89979960,-42.73279860,2.39016993,-67.76537891,2.39016993,-135.63357029,0.44480671,67.86819138,-44.02080086,-39.89048482,-40.48735774,-40.89374522,-41.77667354,-43.26255589,-44.70694701,-46.82382376,-69.05338116,-64.92306513,-65.51993804,-65.92632553,-66.80925385,-68.29513620,-69.73952732,-71.85640406,-135.45912841,-134.85636595,-135.93601448,-135.41087477,-136.02192241,-135.37450084,-136.24545611,-135.76429938
17992.98597194,-42.33393530,2.34241177,-67.53585758,2.34241177,-133.86600942,1.56634991,66.33015184,-44.69157627,-39.80055942,-40.06185468,-40.32314876,-41.16420216,-42.72706080,-43.95163024,-45.95145004,-69.89349856,-65.00248171,-65.26377697,-65.52507104,-66.36612445,-67.92898309,-69.15355253,-71.15337232,-131.15081999,-132.06692671,-134.06324281,-133.88428147,-135.40167960,-134.39685478,-135.81712744,-134.14714260
18036.07214429,-41.93507199,2.39633032,-67.30633626,2.39633032,-135.10592604,0.46936098,67.79958979,-45.36235168,-39.71063403,-39.63635163,-39.75255230,-40.55173079,-42.19156571,-43.19631348,-45.07907632,-70.73361595,-65.08189829,-65.00761589,-65.12381656,-65.92299506,-67.56282998,-68.56757774,-70.45034058,-134.61925369,-134.43052833,-135.88672399,-135.45479726,-135.27185338,-134.82793361,-135.21339127,-135.14292680
18079.15831663,-41.83533990,2.33856072,-67.38258726,2.33856072,-135.60080505,0.44890861,68.21821779,-45.04448442,-39.63051906,-39.57809960,-39.67614289,-40.44201424,-42.27711094,-43.09315120,-44.94119686,-70.59173178,-65.17776642,-65.12534696,-65.22339025,-65.98926160,-67.82435830,-68.64039856,-70.48844422,-135.05847230,-136.21613523,-135.96653707,-135.80378586,-135.88599441,-135.15181249,-135.64976691,-135.07393615
18122.24448898,-41.80305897,2.25863351,-67.52778693,2.25863351,-135.33440071,0.44203351,67.80661378,-44.50368792,-39.55261625,-39.60265907,-39.71116782,-40.44566396,-42.50269468,-43.13704336,-44.96893866,-70.22841588,-65.27734421,-65.32738703,-65.43589579,-66.17039193,-68.22742264,-68.86177132,-70.69366662,-135.84825959,-135.44034069,-135.90302761,-135.57126112,-135.03166725,-135.29310618,-134.92630346,-134.66123980
18165.33066132,-41.87317211,2.18553162,-67.77670153,2.18553162,-135.44508780,0.54404680,67.66838628,-44.00015332,-39.54181863,-39.75069304,-39.86807138,-40.57690422,-42.87704495,-43.29909778,-45.07159354,-69.90368274,-65.44534805,-65.65422246,-65.77160079,-66.48043364,-68.78057437,-69.20262720,-70.97512296,-135.74102575,-135.94244318,-135.30947217,-135.46066853,-135.81810819,-135.93921551,-134.94746476,-134.40230433
18208.41683367,-42.50292185,2.10211924,-68.59247185,2.10211924,-135.60581551,0.48998047,67.01334366,-43.70027425,-39.89778564,-40.57357900,-40.69110463,-41.40549274,-44.06448130,-44.10697008,-45.58368714,-69.78982425,-65.98733565,-66.66312900,-66.78065464,-67.49504274,-70.15403131,-70.19652008,-71.67323715,-135.69407886,-136.46531171,-135.60307528,-135.11253050,-135.55500627,-135.67669548,-135.90460858,-134.83521740
18251.50300601,-43.13267158,2.11284277,-69.40824218,2.11284277,-135.80992327,0.39952306,66.40168109,-43.40039517,-40.25375264,-41.39646495,-41.51413788,-42.23408125,-45.25191765,-44.91484237,-46.09578074,-69.67596577,-66.52932324,-67.67203555,-67.78970848,-68.50965185,-71.52748825,-71.19041297,-72.37135134,-135.49699601,-135.38769172,-136.29273647,-136.31240818,-135.96626755,-135.31031267,-136.05287608,-135.66009751
18294.58917836,-44.15442802,2.33890508,-70.62045740,2.33890508,-135.84673475,0.40638484,65.22627734,-43.63658480,-40.79536062,-42.43741455,-42.61220396,-43.45157255,-47.14350473,-46.24340625,-46.91537670,-70.10261418,-67.26139000,-68.90344393,-69.07823335,-69.91760194,-73.60953412,-72.70943564,-73.38140608,-135.58902414,-135.47358699,-135.19426131,-136.40785180,-136.13340324,-136.19184599,-135.93908342,-135.84482109
18337.67535070,-45.57878593,2.77780688,-72.23983225,2.77780688,-135.86484433,0.37003001,63.62501208,-44.42333147,-41.52762688,-43.70232139,-43.99273618,-45.06847753,-49.75827365,-48.10673447,-48.05078588,-71.08437780,-68.18867320,-70.36336771,-70.65378250,-71.72952385,-76.41931997,-74.76778079,-74.71183220,-135.60063060,-135.44275313,-136.66215441,-135.78858899,-135.76827875,-136.06422897,-135.72386022,-135.86825955
18380.76152305,-47.00314384,3.27370613,-73.85920710,3.27370613,-135.10719806,0.89151575,61.24799096,-45.21007815,-42.25989314,-44.96722823,-45.37326839,-46.68538251,-52.37304257,-49.97006269,-49.18619506,-72.06614141,-69.11595640,-71.82329149,-72.22933165,-73.54144577,-79.22910583,-76.82612595,-76.04225831,-134.32748604,-133.36621422,-136.08451818,-135.51900314,-135.21137097,-135.96065169,-135.34504321,-135.04329701
18423.84769539,-48.43496420,3.83611522,-75.45461659,3.83611522,-135.93786219,0.31095069,60.48324560,-45.86945250,-43.57077334,-46.23212802,-46.74688365,-47.93406470,-55.73964867,-51.48582754,-49.90093518,-72.88910489,-70.59042573,-73.25178041,-73.76653604,-74.95371709,-82.75930106,-78.50547993,-76.92058757,-136.14172750,-136.22469933,-136.35592132,-135.37679134,-135.75511407,-135.91137953,-135.76928938,-135.96797510
18466.93386774,-49.86829140,4.50854553,-77.04518692,4.50854553,-135.68071045,0.40391169,58.63552353,-46.50310745,-44.99848906,-47.49702639,-48.11910221,-49.10839421,-59.25806804,-52.93141132,-50.53073252,-73.68000297,-72.17538458,-74.67392191,-75.29599773,-76.28528973,-86.43496356,-80.10830684,-77.70762805,-135.99444008,-135.28755815,-136.25545994,-136.05368349,-135.32964210,-135.34219205,-135.30346605,-135.87924173
18510.02004008,-51.10279045,4.87598640,-78.44358068,4.87598640,-135.81109655,0.42925852,57.36751587,-47.32058365,-46.31547754,-48.71308070,-49.59183395,-50.34822203,-61.71872690,-53.91370235,-50.90069650,-74.66137388,-73.65626776,-76.05387092,-76.93262417,-77.68901225,-89.05951713,-81.25449258,-78.24148672,-135.65601795,-136.09470614,-136.34941406,-135.30155012,-136.20375835,-136.12113966,-135.29216328,-135.47002282
18553.10621242,-51.37110900,3.56943630,-78.90811638,3.56943630,-135.66865913,0.53085695,56.76054275,-49.03131633,-47.09440086,-49.69178345,-51.55299694,-51.90633071,-59.03933081,-52.64468019,-50.00803272,-76.56832370,-74.63140824,-77.22879083,-79.09000432,-79.44333809,-86.57633819,-80.18168757,-77.54504010,-136.36933360,-135.06960894,-136.42986355,-135.88786808,-135.75325021,-135.20447599,-135.43153407,-135.20333856
18596.19238477,-51.63942755,2.71231567,-79.37265208,2.71231567,-135.72144250,0.42077232,56.34879042,-50.74204900,-47.87332418,-50.67048621,-53.51415993,-53.46443940,-56.35993472,-51.37565803,-49.11536894,-78.47527353,-75.60654871,-78.40371074,-81.24738446,-81.19766393,-84.09315926,-79.10888257,-76.84859347,-136.19815633,-135.14914796,-135.78486250,-135.67538746,-136.44018942,-135.63301295,-135.41710648,-135.47367690
18639.27855711,-51.88568077,2.64410924,-79.82035825,2.64410924,-135.93898663,0.51694087,56.11862838,-51.62335429,-48.53979783,-51.44823376,-55.24449758,-54.81257958,-54.17707295,-50.64908019,-48.59082996,-79.55803177,-76.47447531,-79.38291124,-83.17917506,-82.74725706,-82.11175043,-78.58375767,-76.52550744,-136.75698448,-135.86128310,-136.07400680,-136.33879440,-135.45890267,-135.05516879,-136.01341394,-135.95333889
18682.36472946,-52.11067732,2.97892139,-80.25185167,2.97892139,-135.76601601,0.40752837,55.51416434,-51.70563006,-49.09794299,-52.03239095,-56.75246946,-55.95844643,-52.47254790,-50.44506650,-48.42092430,-79.84680441,-77.23911734,-80.17356529,-84.89364381,-84.09962077,-80.61372225,-78.58624085,-76.56209864,-136.48301826,-135.57446867,-135.98433591,-135.67692221,-136.07908458,-135.62867303,-135.13343156,-135.56819388
18725.45090180,-52.33567388,3.56433297,-80.68334509,3.56433297,-135.66186352,0.46263153,54.97851844,-51.78790584,-49.65608816,-52.61654813,-58.26044135,-57.10431327,-50.76802286,-50.24105282,-48.25101863,-80.13557704,-78.00375936,-80.96421934,-86.60811255,-85.45198448,-79.11569406,-78.58872402,-76.59868984,-136.39952386,-135.55592204,-135.41759359,-135.96417755,-136.08782414,-135.63887675,-135.03562056,-135.19536968
18768.53707415,-51.52363933,3.83257076,-80.08695137,3.83257076,-135.55913941,0.38597837,55.47218804,-49.20851614,-49.92622344,-52.95055020,-57.86032159,-56.49479018,-49.16527454,-49.17325237,-47.41018619,-77.77182818,-78.48953548,-81.51386224,-86.42363362,-85.05810222,-77.72858658,-77.73656441,-75.97349823,-135.40498876,-135.65005564,-135.26565410,-136.39819909,-135.62516463,-135.50105793,-135.09864863,-135.52934649
18811.62324649,-50.52572185,4.26739144,-79.30631373,4.26739144,-135.87463061,0.23792819,56.56831688,-46.15203546,-50.14473432,-53.23971314,-57.11818540,-55.57062173,-47.58076923,-47.95062222,-46.44909329,-74.93262734,-78.92532620,-82.02030502,-85.89877729,-84.35121361,-76.36136112,-76.73121411,-75.22968517,-135.79964521,-135.91036241,-135.74686187,-135.98626264,-136.14420981,-135.48998662,-136.21028900,-135.70942734
18854.70941884,-49.49262761,4.57591152,-78.49262237,4.57591152,-136.05492535,0.22012381,57.56230298,-43.47373140,-50.06013170,-53.16647656,-55.93878956,-54.37616331,-46.12249903,-46.97520478,-45.82802451,-72.47372616,-79.06012646,-82.16647132,-84.93878432,-83.37615807,-75.12249379,-75.97519954,-74.82801928,-136.14578367,-136.06531741,-135.97605756,-135.75834488,-136.07739450,-135.82533138,-136.11176055,-136.47941283
18897.79559118,-48.30626321,3.64170220,-77.53491118,3.64170220,-136.18088401,0.51814947,58.64597283,-42.44319692,-48.65482029,-51.51421351,-52.85419094,-52.00401291,-45.21425324,-47.07692843,-46.68848945,-71.67184488,-77.88346826,-80.74286148,-82.08283890,-81.23266088,-74.44290121,-76.30557639,-75.91713741,-136.64594698,-135.71892504,-136.27587818,-136.38467969,-136.51576097,-135.87538180,-135.26067623,-136.76982319
18940.88176353,-47.11989882,2.96514407,-76.57719999,2.96514407,-136.26930186,0.41068441,59.69210187,-41.41266244,-47.24950888,-49.86195046,-49.76959231,-49.63186252,-44.30600745,-47.17865208,-47.54895438,-70.86996361,-76.70681005,-79.31925163,-79.22689348,-79.08916369,-73.76330862,-76.63595325,-77.00625555,-136.45292744,-135.75180253,-135.71566693,-136.48131680,-136.93896415,-136.40115388,-136.04216843,-136.37041472
18983.96793587,-46.63411265,2.93646622,-76.32640554,2.93646622,-136.15066423,0.38947494,59.82425869,-40.49751909,-46.46879555,-48.58826604,-47.95050512,-48.34364024,-44.10191469,-48.13579655,-48.98646391,-70.18981199,-76.16108844,-78.28055893,-77.64279801,-78.03593313,-73.79420758,-77.82808944,-78.67875680,-135.49990473,-136.38462092,-136.13103529,-136.41253516,-136.60005464,-136.27236849,-135.62128816,-136.28350643
19027.05410822,-46.78133625,3.48669028,-76.71434805,3.48669028,-135.95425534,0.32395816,59.23990730,-39.68663779,-46.25243986,-47.65664758,-47.27487494,-48.03480478,-44.53406171,-49.86585933,-50.94536397,-69.61964959,-76.18545166,-77.58965938,-77.20788675,-77.96781658,-74.46707352,-79.79887114,-80.87837577,-136.41699967,-136.24955871,-135.37662164,-136.12709861,-136.01811449,-135.77329634,-135.78587231,-135.88648097
19070.14028056,-46.92855984,4.27240352,-77.10229056,4.27240352,-135.73280895,0.43912379,58.63051839,-38.87575649,-46.03608418,-46.72502912,-46.59924477,-47.72596932,-44.96620874,-51.59592211,-52.90426403,-69.04948720,-76.20981489,-76.89875983,-76.77297548,-77.89970003,-75.13993945,-81.76965283,-83.07799474,-135.50460684,-134.97127770,-135.72197208,-135.70722843,-136.09588503,-135.46218323,-136.00463428,-136.39468400
19113.22645291,-47.23670814,5.23107397,-77.66228084,5.23107397,-135.19349101,0.83234357,57.53121016,-38.44932969,-45.36130507,-45.89419700,-46.04391804,-47.62902474,-45.91938960,-56.02577791,-52.57072304,-68.87490240,-75.78687778,-76.31976971,-76.46949074,-78.05459745,-76.34496231,-86.45135062,-82.99629575,-133.28874874,-134.77602772,-135.59465942,-135.55264972,-135.28146594,-135.65793410,-135.58783830,-135.80860412
19156.31262525,-47.57018717,6.60393926,-78.24935273,6.60393926,-135.51160065,0.39543084,57.26224792,-38.08341887,-44.61436673,-45.07922940,-45.50752795,-47.56543336,-46.95458505,-60.88060112,-51.87633484,-68.76258444,-75.29353229,-75.75839496,-76.18669352,-78.24459892,-77.63375061,-91.55976668,-82.55550040,-135.10651199,-135.41187277,-135.13342195,-135.50066358,-135.97015629,-135.59591444,-136.18631790,-135.18794625
19199.39879760,-47.87755259,7.37664874,-78.81311010,7.37664874,-135.73043500,0.56847617,56.91732490,-37.82659504,-44.15003896,-44.71719457,-45.36996169,-48.06067528,-48.81146615,-63.39927848,-50.68521055,-68.76215256,-75.08559648,-75.65275208,-76.30551920,-78.99623279,-79.74702366,-94.33483600,-81.62076806,-136.29236450,-136.10060361,-135.83825576,-135.20180488,-136.19821553,-136.18463845,-135.19550799,-134.83208925
19242.48496994,-48.08218159,5.78066349,-79.28514330,5.78066349,-135.41538144,0.54097201,56.13023814,-37.99894236,-44.79756073,-46.13709257,-46.80145226,-50.75448508,-53.90103154,-56.72706629,-47.53982189,-69.20190407,-76.00052244,-77.34005428,-78.00441397,-81.95744679,-85.10399325,-87.93002800,-78.74278360,-136.50301156,-135.73613951,-134.98920130,-135.52422228,-135.54910036,-134.86104463,-134.98181645,-135.17851540
19285.57114228,-48.28681059,6.21545611,-79.75717650,6.21545611,-135.03246326,0.30768099,55.27528676,-38.17128967,-45.44508249,-47.55699058,-48.23294283,-53.44829489,-58.99059694,-50.05485409,-44.39443324,-69.64165558,-76.91544840,-79.02735649,-79.70330874,-84.91866080,-90.46096285,-81.52522000,-75.86479914,-135.24307903,-135.06348974,-134.67426450,-135.12918594,-135.12652144,-135.52379637,-134.56326151,-134.93610757
19328.65731463,-48.10987678,6.62174506,-79.85570830,6.62174506,-134.88889923,0.25665292,55.03319092,-38.17107342,-45.54285436,-49.89826349,-49.72864727,-54.86776920,-58.59208135,-45.91762484,-42.16070029,-69.91690494,-77.28868588,-81.64409502,-81.47447879,-86.61360072,-90.33791287,-77.66345637,-73.90653182,-135.05129571,-135.12798172,-134.77473776,-134.85797294,-135.16826873,-134.69309111,-135.02665712,-134.41118872
19371.74348697,-47.60964836,6.48933331,-79.63777587,6.48933331,-134.89763076,0.46810698,55.25985489,-38.02464566,-45.17482829,-53.02020873,-51.27875951,-55.20751097,-53.54356610,-43.92826293,-40.69940470,-70.05277317,-77.20295579,-85.04833624,-83.30688701,-87.23563848,-85.57169360,-75.95639043,-72.72753221,-135.47938588,-135.32277084,-134.92596620,-135.37557074,-134.75805819,-134.74198256,-134.28372454,-134.29358712
19414.82965932,-47.10941995,7.23709046,-79.41984343,7.23709046,-134.80771102,0.31830755,55.38786759,-37.87821791,-44.80680222,-56.14215398,-52.82887175,-55.54725274,-48.49505085,-41.93890101,-39.23810911,-70.18864140,-77.11722570,-88.45257746,-85.13929523,-87.85767623,-80.80547434,-74.24932450,-71.54853260,-135.12266069,-135.00153596,-134.99121134,-135.17695202,-134.60092544,-134.62694721,-134.24721725,-134.69423825
19457.91583166,-45.92880488,6.67082873,-78.48167363,6.67082873,-134.63420879,0.34414951,56.15253516,-38.13204794,-43.91610810,-55.16881174,-51.28384852,-52.97725659,-46.68464614,-40.87894567,-38.38877435,-70.68491669,-76.46897685,-87.72168049,-83.83671727,-85.53012534,-79.23751489,-73.43181442,-70.94164310,-134.89971630,-134.72159526,-134.57877954,-135.17035010,-134.16907238,-134.66463105,-134.72075838,-134.14876733
19501.00200401,-44.65540982,5.91206765,-77.44528965,5.91206765,-133.14551035,0.89327634,55.70022070,-38.44045858,-42.95414107,-53.63702121,-49.31676136,-50.01047799,-45.31580195,-39.94572759,-37.62288880,-71.23033841,-75.74402090,-86.42690103,-82.10664119,-82.80035782,-78.10568178,-72.73560742,-70.41276863,-133.98216202,-131.62747535,-132.43403326,-132.92793882,-133.29640568,-134.54310598,-133.01886765,-133.33409401
19544.08817635,-43.42357101,5.18250526,-76.46338458,5.18250526,-134.54361895,0.45434740,58.08023437,-38.95251548,-42.06411192,-51.88337149,-47.47719358,-47.29090237,-43.88748853,-38.99877616,-36.83420851,-71.99232906,-75.10392550,-84.92318507,-80.51700716,-80.33071595,-76.92730210,-72.03858974,-69.87402209,-135.05981429,-134.34271061,-134.31114663,-135.40580813,-134.23907507,-134.11337576,-134.58139841,-134.29562270
19587.17434870,-42.34021977,4.43456283,-75.67614201,4.43456283,-134.69889612,0.17561248,59.02275411,-40.19223524,-41.43112913,-49.33698104,-46.09327434,-45.45462521,-42.24668136,-38.00275313,-35.96407874,-73.52815748,-74.76705136,-82.67290328,-79.42919657,-78.79054745,-75.58260359,-71.33867536,-69.30000097,-134.91577386,-134.80367283,-134.44965779,-134.60355820,-134.81522420,-134.45176276,-134.78652773,-134.76499161
19630.26052104,-41.25686854,3.86981834,-74.88889943,3.86981834,-134.61837818,0.58070643,59.72947875,-41.43195500,-40.79814633,-46.79059059,-44.70935509,-43.61834805,-40.60587418,-37.00673010,-35.09394896,-75.06398590,-74.43017722,-80.42262148,-78.34138599,-77.25037895,-74.23790508,-70.63876099,-68.72597985,-135.23480248,-134.06174941,-133.69866974,-134.57062958,-135.09983129,-135.07142654,-135.04380418,-134.16611223
19673.34669339,-40.68110692,3.71476987,-74.61960941,3.71476987,-134.34993909,0.57729524,59.73032967,-42.92014352,-40.22823460,-45.14031026,-43.95850385,-42.60964752,-39.63673073,-36.42377328,-34.53151160,-76.85864601,-74.16673709,-79.07881276,-77.89700635,-76.54815001,-73.57523322,-70.36227577,-68.47001409,-135.12905778,-133.43621087,-133.57953525,-134.61323727,-134.45612084,-134.78898900,-134.49672381,-134.29963788
19716.43286573,-40.50850261,3.86468646,-74.76170755,3.86468646,-134.53448808,0.45329770,59.77278053,-44.60568043,-39.70841759,-44.20177291,-43.71047218,-42.25825664,-39.20106181,-36.16889777,-34.21346151,-78.85888537,-73.96162253,-78.45497785,-77.96367712,-76.51146158,-73.45426675,-70.42210271,-68.46666645,-135.33754664,-133.94648738,-134.91397868,-134.21320934,-134.43654175,-134.59914853,-134.13351569,-134.69547664
19759.51903808,-40.33589829,4.15922334,-74.90380568,4.15922334,-134.56605991,0.53206922,59.66225423,-46.29121735,-39.18860058,-43.26323555,-43.46244051,-41.90686577,-38.76539289,-35.91402226,-33.89541142,-80.85912474,-73.75650797,-77.83114294,-78.03034790,-76.47477316,-73.33330028,-70.48192965,-68.46331881,-134.99386246,-134.41959721,-134.05456456,-134.56266924,-134.33807460,-135.52580906,-134.77431972,-133.85958247
19802.60521042,-39.81631963,4.19570041,-74.71707653,4.19570041,-134.63710284,0.28628674,59.92002631,-45.54797726,-39.42120006,-42.93743759,-43.18288097,-41.05309514,-37.89888657,-35.20593368,-33.28314577,-80.44873416,-74.32195696,-77.83819449,-78.08363787,-75.95385204,-72.79964347,-70.10669058,-68.18390267,-134.84371503,-134.89355160,-134.09985179,-134.68439983,-134.84955507,-134.84746574,-134.38158827,-134.49669542
19845.69138277,-39.25646716,4.24103330,-74.49217993,4.24103330,-133.89342906,0.57870899,59.40124914,-44.52282555,-39.74113360,-42.68276116,-42.89966195,-40.14101257,-36.98237234,-34.44524001,-32.63673010,-79.75853832,-74.97684637,-77.91847392,-78.13537472,-75.37672534,-72.21808510,-69.68095277,-67.87244286,-134.03440146,-133.23379031,-133.04212470,-133.83915889,-133.94464889,-134.41538625,-133.80688183,-134.83104018
19888.77755511,-38.71410522,4.27388004,-74.28999030,4.27388004,-133.37029324,0.96616424,59.08030294,-43.46902773,-40.25654518,-42.29237218,-42.44688502,-39.31619255,-36.14442160,-33.73520329,-32.05219423,-79.04491280,-75.83243025,-77.86825725,-78.02277010,-74.89207762,-71.72030668,-69.31108836,-67.62807931,-134.49394910,-131.81768223,-132.70766266,-132.70876224,-133.40753208,-133.25362112,-133.90559019,-134.66754629
19931.86372745,-38.22878627,4.19937130,-74.16185636,4.19937130,-134.47849518,0.43502507,60.31663882,-42.32180450,-41.40948172,-41.45937521,-41.44111809,-38.77596740,-35.56269500,-33.19037731,-31.66947090,-78.25487460,-77.34255181,-77.39244531,-77.37418819,-74.70903750,-71.49576509,-69.12344741,-67.60254100,-135.20546757,-134.06913745,-134.91021237,-134.02490479,-134.38706165,-134.06538954,-134.71654754,-134.44924052
19974.94989980,-37.74346731,4.24439054,-74.03372243,4.24439054,-134.18801732,0.32673506,60.15429489,-41.17458128,-42.56241826,-40.62637824,-40.43535116,-38.23574225,-34.98096839,-32.64555133,-31.28674757,-77.46483640,-78.85267338,-76.91663336,-76.72560628,-74.52599737,-71.27122351,-68.93580646,-67.57700269,-134.59692421,-134.07304384,-133.88519158,-134.00071929,-134.54650448,-134.51704826,-134.14558605,-133.73912085
20018.03607214,-37.09131341,4.10290797,-73.75285611,4.10290797,-134.32692393,0.39804387,60.57406783,-40.40713839,-42.46025023,-39.54983407,-39.20932123,-37.41560457,-34.42101302,-32.21641132,-31.05093441,-77.06868109,-79.12179293,-76.21137677,-75.87086393,-74.07714727,-71.08255572,-68.87795402,-67.71247711,-134.39015771,-134.46750651,-133.71139143,-134.51496516,-135.02917796,-134.26394133,-134.32838982,-133.90986156
20061.12224449,-36.31500326,3.78004130,-73.35832846,3.78004130,-133.93264715,0.34821264,60.57431869,-39.92232273,-41.42405089,-38.29204548,-37.81937466,-36.38715988,-33.87725951,-31.87336319,-30.92444975,-76.96564793,-78.46737609,-75.33537068,-74.86269986,-73.43048508,-70.92058471,-68.91668839,-67.96777495,-133.70293135,-134.03957210,-134.41562779,-133.68211240,-134.32519135,-133.44928817,-133.69892843,-134.14752560
20104.20841683,-35.53869312,3.48838986,-72.96380082,3.48838986,-133.67643938,0.73076229,60.71263855,-39.43750707,-40.38785156,-37.03425688,-36.42942809,-35.35871519,-33.33350600,-31.53031506,-30.79796509,-76.86261477,-77.81295926,-74.45936459,-73.85453579,-72.78382289,-70.75861371,-68.95542276,-68.22307279,-134.42854066,-133.97701876,-133.85440170,-133.79630490,-133.24997056,-132.39960287,-133.09072489,-134.61495065
20147.29458918,-35.47306910,3.16685842,-73.30499779,3.16685842,-133.99167271,0.42926245,60.68667492,-39.67904994,-39.42568246,-36.56731351,-36.15102825,-35.36260489,-33.58562478,-31.81687040,-31.19637858,-77.51097863,-77.25761115,-74.39924220,-73.98295694,-73.19453357,-71.41755347,-69.64879909,-69.02830727,-134.80547832,-133.84185644,-134.01263548,-133.95350773,-133.54129593,-133.69858566,-133.64641813,-134.43360401
20190.38076152,-35.47602006,2.88282539,-73.71718573,2.88282539,-133.51546754,0.81821408,59.79828181,-39.99068004,-38.47065664,-36.17667977,-35.97988292,-35.46610579,-33.91453825,-32.16417696,-31.64544015,-78.23184570,-76.71182230,-74.41784543,-74.22104859,-73.70727146,-72.15570391,-70.40534262,-69.88660581,-133.65226366,-133.96444461,-134.76559375,-132.17694589,-133.88756788,-132.53632453,-133.50557849,-133.63502149
20233.46693387,-35.50900596,2.56434147,-74.16716056,2.56434147,-132.86311077,0.51448677,58.69595021,-40.08964209,-37.55239188,-35.82179169,-35.85296374,-35.59480459,-34.33908914,-32.61297973,-32.20838478,-78.74779669,-76.21054648,-74.47994629,-74.51111835,-74.25295919,-72.99724374,-71.27113434,-70.86653939,-132.65583851,-132.17698758,-133.37573796,-132.40809091,-133.44739022,-132.95671082,-132.43872179,-133.44540834
20276.55310621,-35.63177711,2.01853636,-74.73009408,2.01853636,-132.86156370,0.80807176,58.13146962,-39.55286243,-36.74401924,-35.57376033,-35.85825250,-35.79882898,-35.04953487,-33.36519141,-33.11176710,-78.65117940,-75.84233621,-74.67207729,-74.95656947,-74.89714595,-74.14785184,-72.46350838,-72.21008407,-132.75080409,-133.46621421,-133.47684316,-132.66923960,-132.30568423,-133.77008106,-131.26837714,-133.18526611
20319.63927856,-35.75454826,1.54150238,-75.29302759,1.54150238,-134.42421832,0.82482639,59.13119073,-39.01608278,-35.93564661,-35.32572897,-35.86354126,-36.00285338,-35.75998060,-34.11740309,-34.01514942,-78.55456211,-75.47412594,-74.86420830,-75.40202059,-75.54133271,-75.29845993,-73.65588242,-73.55362875,-133.89638880,-133.28132984,-134.93546507,-135.11792694,-134.35069871,-135.78965334,-133.67656392,-134.34571997
20362.72545090,-36.28440760,1.29999391,-76.28378111,1.29999391,-135.06916887,0.68451617,58.78538776,-38.89625482,-35.64670590,-35.49429315,-36.32923009,-36.77530672,-37.06311514,-35.09293007,-34.97742489,-78.89562834,-75.64607941,-75.49366667,-76.32860361,-76.77468024,-77.06248866,-75.09230359,-74.97679840,-136.08414058,-134.36521572,-134.25796870,-135.43549954,-135.16130759,-135.53099553,-135.43005550,-134.28816779
20405.81162325,-37.09793924,1.34385417,-77.57265355,1.34385417,-136.08376767,0.37568380,58.51111412,-39.06697239,-35.71972227,-35.95315467,-37.11574069,-37.94385988,-38.77925456,-36.22407042,-35.98073903,-79.54168670,-76.19443658,-76.42786898,-77.59045500,-78.41857419,-79.25396887,-76.69878473,-76.45545334,-136.29199052,-135.66656280,-135.52758551,-135.78733535,-136.55876731,-136.36482227,-136.13154724,-136.34153034
20448.89779559,-37.91147089,1.59395206,-78.86152599,1.59395206,-136.54451114,0.38585304,57.68298515,-39.23768997,-35.79273865,-36.41201620,-37.90225129,-39.11241304,-40.49539398,-37.35521078,-36.98405317,-80.18774507,-76.74279375,-77.36207130,-78.85230640,-80.06246815,-81.44544908,-78.30526588,-77.93410828,-136.65517648,-136.28456677,-136.50069908,-135.87102572,-136.76192793,-137.21784257,-136.58683372,-136.47801687
20491.98396794,-38.58936867,1.81432303,-80.05229958,1.81432303,-136.79075734,0.32906263,56.73845776,-39.72642445,-35.90190185,-36.71763760,-38.42017196,-40.00253077,-41.53499325,-38.32135664,-38.08993282,-81.18935536,-77.36483276,-78.18056851,-79.88310287,-81.46546167,-82.99792416,-79.78428755,-79.55286373,-136.30842588,-136.73071510,-136.86749014,-137.37476269,-136.66139428,-136.51980561,-136.78193436,-137.08153065
20535.07014028,-39.25674313,2.06713471,-81.23546204,2.06713471,-137.46745458,0.44588375,56.23199253,-40.23983267,-36.01386955,-37.01136968,-38.91725375,-40.87104574,-42.52210234,-39.27470120,-39.20377013,-82.21855158,-77.99258847,-78.99008859,-80.89597267,-82.84976465,-84.50082125,-81.25342012,-81.18248904,-137.45165205,-137.41845103,-137.12653021,-138.39165435,-137.08587022,-137.00298704,-137.67407480,-137.58841691
20578.15631263,-40.06916831,2.41839082,-82.54224697,2.41839082,-138.49458222,0.45339929,55.95233525,-40.68736920,-36.19778832,-37.39415953,-39.54870633,-41.94731985,-43.85146374,-40.47185070,-40.45468881,-83.16044786,-78.67086698,-79.86723820,-82.02178499,-84.42039851,-86.32454240,-82.94492936,-82.92776748,-138.39579964,-138.09103393,-138.54019747,-138.14526674,-138.69286210,-139.41886239,-138.65142181,-138.02121372
20621.24248497,-41.28048295,3.02182451,-84.18899366,3.02182451,-138.48543079,1.07739797,54.29643713,-40.95375862,-36.57957251,-38.02185828,-40.54967855,-43.59493161,-46.12201900,-42.33946374,-42.08258126,-83.86226933,-79.48808322,-80.93036899,-83.45818926,-86.50344232,-89.03052971,-85.24797445,-84.99109197,-135.92334407,-138.67311139,-138.72720029,-138.49565847,-138.70816791,-138.82214632,-139.47066116,-139.06315669
20664.32865731,-42.49179758,3.67743235,-85.83574034,3.67743235,-139.73782607,0.43527594,53.90208573,-41.22014805,-36.96135671,-38.64955702,-41.55065077,-45.24254337,-48.39257425,-44.20707679,-43.71047371,-84.56409080,-80.30529947,-81.99349978,-84.89459352,-88.58648612,-91.73651701,-87.55101954,-87.05441647,-139.22523466,-139.62020484,-139.72582249,-140.44119864,-139.16276774,-140.05784144,-139.60794749,-140.06159127
20707.41482966,-44.32203857,4.79918319,-88.19512890,4.79918319,-140.53148771,0.29140386,52.33635881,-41.39001620,-37.80218282,-39.80787304,-43.26106698,-47.97029569,-52.70942034,-46.30984991,-45.32560358,-85.26310653,-81.67527315,-83.68096337,-87.13415731,-91.84338602,-96.58251067,-90.18294024,-89.19869391,-140.35869714,-140.33542394,-140.18754657,-141.14247145,-140.46652729,-140.62282521,-140.47145110,-140.66695900
20750.50100200,-46.55580864,6.31700011,-91.01914740,6.31700011,-141.13653825,0.32053686,50.11739085,-41.49695419,-38.94229617,-41.31214217,-45.43402819,-51.40228063,-58.36041200,-48.56594326,-46.93241249,-85.96029295,-83.40563493,-85.77548093,-89.89736695,-95.86561939,-102.82375076,-93.02928202,-91.39575125,-140.97549287,-141.38026666,-141.38167086,-140.75104766,-140.84869170,-141.30996595,-141.60822363,-140.83694670
20793.58717435,-48.78957870,7.90083079,-93.84316590,7.90083079,-142.26356530,0.27063622,48.42039940,-41.60389217,-40.08240952,-42.81641129,-47.60698939,-54.83426557,-64.01140365,-50.82203661,-48.53922140,-86.65747937,-85.13599672,-87.86999849,-92.66057659,-99.88785277,-109.06499085,-95.87562381,-93.59280859,-142.09436585,-142.17173978,-142.45154530,-142.52045776,-141.90632854,-142.66375975,-141.97577357,-142.32455182
20836.67334669,-50.00656134,7.50056341,-95.71060049,7.50056341,-142.91820344,0.44620142,47.20760294,-42.45663465,-41.50732169,-44.65584468,-50.30926271,-60.91506824,-60.68553645,-50.92172701,-48.60109528,-88.16067380,-87.21136085,-90.35988384,-96.01330187,-106.61910740,-106.38957561,-96.62576617,-94.30513443,-142.98974328,-142.87117682,-143.12675597,-143.52716519,-143.40653631,-142.71079198,-142.52995748,-142.18350045
20879.75951904,-51.16322608,8.00127546,-97.52128859,8.00127546,-143.56130264,0.42586039,46.04001406,-43.35361976,-42.94912871,-46.51516070,-53.04293591,-67.15300417,-56.82714372,-50.89349520,-48.57132047,-89.71168226,-89.30719121,-92.87322321,-99.40099842,-113.51106668,-103.18520623,-97.25155771,-94.92938298,-143.94313384,-142.70111881,-143.40942887,-143.86792392,-143.29171098,-143.55576912,-143.77477063,-143.94656498
20922.84569138,-52.02774977,8.53523552,-99.06178197,8.53523552,-144.41268156,0.40889012,45.35089959,-44.17340381,-44.36237694,-48.31593492,-55.65479317,-70.59866921,-53.87821788,-50.77374510,-48.46485714,-91.20743601,-91.39640914,-95.34996712,-102.68882537,-117.63270141,-100.91225008,-97.80777730,-95.49888934,-145.03054382,-143.93422299,-144.65676901,-144.19100670,-144.56932347,-143.85714894,-144.74298253,-144.31945501
20965.93186373,-52.15089663,7.30417277,-99.91659255,7.30417277,-145.19927875,0.27328671,45.28268620,-44.79727193,-45.70315050,-49.96814550,-57.95751374,-66.95828831,-53.23727876,-50.42174574,-48.16377856,-92.56296785,-93.46884642,-97.73384142,-105.72320967,-114.72398424,-101.00297468,-98.18744166,-95.92947448,-145.26331411,-144.57440068,-145.16856807,-145.34528915,-145.23326395,-145.41038958,-145.44119171,-145.15781278
21009.01803607,-52.27404349,6.37979700,-100.77140314,6.37979700,-145.83799782,0.31247079,45.06659468,-45.42114006,-47.04392407,-51.62035608,-60.26023432,-63.31790741,-52.59633964,-50.06974637,-47.86269999,-93.91849970,-95.54128371,-100.11771572,-108.75759396,-111.81526706,-101.09369929,-98.56710602,-96.36005963,-146.11605137,-145.24020172,-145.83648104,-146.13043280,-145.51212402,-145.96832005,-145.86380985,-146.03656170
21052.10420842,-52.69423053,6.05849754,-101.98344976,6.05849754,-146.93253555,0.45681270,44.94908578,-45.98600554,-48.54245734,-53.66111052,-62.41421945,-60.95721016,-52.18163889,-49.91560004,-47.89560232,-95.27522477,-97.83167657,-102.95032975,-111.70343868,-110.24642939,-101.47085812,-99.20481927,-97.18482155,-147.33246600,-146.24436999,-147.74645611,-146.76263060,-147.05880168,-146.75349665,-146.92592723,-146.63613611
21095.19038076,-53.29544635,6.15514636,-103.41321106,6.15514636,-147.59369169,0.34732634,44.18048063,-46.51491232,-50.13713602,-55.93865995,-64.47755895,-59.37640594,-51.90481731,-49.88203367,-48.13204667,-96.63267703,-100.25490073,-106.05642466,-114.59532366,-109.49417065,-102.02258202,-99.99979838,-98.24981138,-147.87458233,-147.14912095,-147.90137901,-147.46939571,-147.85798499,-147.90278314,-147.53851018,-147.05577724
21138.27655311,-53.89666217,6.51898718,-104.84297236,6.51898718,-148.41528416,0.38051138,43.57231179,-47.04381911,-51.73181469,-58.21620938,-66.54089845,-57.79560172,-51.62799574,-49.84846730,-48.36849101,-97.99012930,-102.67812488,-109.16251956,-117.48720864,-108.74191190,-102.57430593,-100.79477749,-99.31480120,-147.84846332,-148.06769038,-148.54088963,-148.38340684,-148.70255517,-149.00283707,-148.63862875,-148.13780209
21181.36272545,-54.07388015,5.80175331,-105.96839906,5.80175331,-149.06283499,0.45743428,43.09443593,-47.87761067,-54.19995722,-60.70601191,-63.61406767,-56.50080478,-51.35440808,-49.80665373,-48.53152712,-99.77212958,-106.09447613,-112.60053083,-115.50858658,-108.39532370,-103.24892699,-101.70117264,-100.42604604,-148.80789426,-148.19974262,-149.42243116,-149.29145755,-148.90966886,-149.70814367,-149.20939950,-148.95394229
21224.44889780,-54.23343155,5.57474454,-107.08114515,5.57474454,-149.88554076,0.46548746,42.80439561,-48.72410577,-56.70449407,-63.20465833,-60.47931313,-55.21792482,-51.08095516,-49.76449653,-48.69150456,-101.57181937,-109.55220767,-116.05237194,-113.32702674,-108.06563843,-103.92866876,-102.61221013,-101.53921816,-149.71907615,-149.98835010,-150.21867159,-149.16094797,-150.57360517,-149.85161807,-149.36885336,-150.20320366
21267.53507014,-54.58300045,5.79693266,-108.43372843,5.79693266,-150.66432080,0.41629528,42.23059237,-49.62688553,-59.70698009,-64.84732861,-58.21210541,-54.34513405,-51.05182797,-49.88120414,-48.99253783,-103.47761351,-113.55770806,-118.69805658,-112.06283338,-108.19586202,-104.90255594,-103.73193212,-102.84326581,-151.06247985,-151.10998909,-150.38398263,-150.48635370,-151.25678715,-150.22444063,-150.22732545,-150.56320792
21310.62124248,-55.37877119,6.06501817,-110.34950081,6.06501817,-151.42602867,0.40254174,41.07652786,-50.66183378,-63.87875745,-64.47998348,-57.98208349,-54.43532057,-51.59642992,-50.37096038,-49.62480044,-105.63256340,-118.84948707,-119.45071310,-112.95281311,-109.40605019,-106.56715955,-105.34169000,-104.59553006,-151.80037358,-150.87269399,-151.82088435,-151.23444408,-150.90144009,-151.66631979,-151.30244973,-151.80962375
21353.70741483,-56.17454192,6.64221670,-112.26527320,6.64221670,-152.01892094,0.42171307,39.75364775,-51.69678203,-68.05053480,-64.11263835,-57.75206157,-54.52550709,-52.14103188,-50.86071662,-50.25706305,-107.78751330,-124.14126608,-120.20336963,-113.84279285,-110.61623836,-108.23176315,-106.95144789,-106.34779432,-152.50984851,-151.93886706,-152.44731791,-151.55944414,-151.52397238,-151.61087382,-152.44557549,-152.11546823
21396.79358717,-56.77926763,6.60682079,-114.13998676,6.60682079,-153.15094597,0.54437772,39.01095921,-52.63958655,-69.42574208,-63.76337100,-57.95402118,-54.93558673,-52.86394327,-51.56695185,-51.08493837,-110.00030568,-126.78646121,-121.12409013,-115.31474031,-112.29630587,-110.22466240,-108.92767098,-108.44565750,-154.26609949,-152.40088392,-153.05209649,-153.51029120,-153.08276959,-152.99176407,-152.85160912,-153.05205392
21439.87975952,-57.27528152,6.12762634,-115.99133631,6.12762634,-153.88236394,0.25933831,37.89102764,-53.52995782,-69.20959566,-63.42439058,-58.40179453,-55.52769762,-53.68831944,-52.39637179,-52.02412471,-112.24601261,-127.92565045,-122.14044537,-117.11784932,-114.24375241,-112.40437422,-111.11242658,-110.74017949,-154.35715158,-153.53808944,-154.06005726,-154.02248978,-153.63681595,-153.79312735,-153.84718385,-153.80399634
21482.96593186,-57.77129541,5.65296885,-117.84268586,5.65296885,-154.59228619,0.40758599,36.74960034,-54.42032909,-68.99344924,-63.08541016,-58.84956789,-56.11980851,-54.51269560,-53.22579173,-52.96331104,-114.49171954,-129.06483968,-123.15680061,-118.92095834,-116.19119895,-114.58408605,-113.29718217,-113.03470149,-154.45613198,-154.52681478,-154.76447387,-154.55689003,-155.47441656,-154.58841497,-154.19449841,-154.17664895
21526.05210421,-58.60204914,5.03558711,-120.37822938,5.03558711,-155.35231414,0.30104348,34.97408476,-55.05194897,-68.37564400,-63.48303240,-59.74341627,-57.58571649,-55.74483516,-54.45184085,-54.37995895,-116.82812922,-130.15182425,-125.25921264,-121.51959651,-119.36189673,-117.52101540,-116.22802109,-116.15613919,-155.41897959,-155.59883312,-155.34641155,-155.16243029,-155.89557040,-155.33167940,-155.16020668,-154.90440208
21569.13827655,-59.44103417,4.43914676,-122.93059734,4.43914676,-156.15333798,0.29879819,33.22274063,-55.67720611,-67.74796192,-63.89876781,-60.64823370,-59.07311128,-56.98700168,-55.68764315,-55.80834772,-119.16676929,-131.23752509,-127.38833098,-124.13779687,-122.56267446,-120.47656486,-119.17720632,-119.29791089,-155.85171006,-156.08414950,-155.71943701,-156.42601953,-156.52011781,-156.35857522,-155.92225287,-156.34444181
21612.22444890,-60.24165647,3.97442781,-125.47004433,3.97442781,-157.08806371,0.41324478,31.61801938,-56.31164804,-67.34026854,-64.28474372,-61.62838953,-60.40015176,-58.08161422,-56.84995491,-57.03648100,-121.54003591,-132.56865641,-129.51313159,-126.85677740,-125.62853963,-123.31000209,-122.07834278,-122.26486887,-156.55075061,-156.58092911,-157.12727707,-157.00097807,-157.38683911,-156.95895491,-157.78263472,-157.31614609
21655.31062124,-60.95872601,3.74595362,-127.98134988,3.74595362,-157.51314473,0.51663822,29.53179485,-56.96609414,-67.41170313,-64.60590445,-62.77262983,-61.37794597,-58.85485918,-57.85220678,-57.82846463,-123.98871801,-134.43432700,-131.62852831,-129.79525370,-128.40056984,-125.87748305,-124.87483065,-124.85108850,-156.97302100,-157.41975619,-157.30968283,-157.75042187,-157.05084608,-157.12890152,-158.41386875,-158.05865959
21698.39679359,-61.67579556,3.53985355,-130.49265543,3.53985355,-158.38578041,0.30436621,27.89312498,-57.62054024,-67.48313772,-64.92706517,-63.91687014,-62.35574018,-59.62810414,-58.85445864,-58.62044826,-126.43740010,-136.29999759,-133.74392504,-132.73373001,-131.17260004,-128.44496400,-127.67131851,-127.43730812,-158.24954271,-158.24979797,-158.15266769,-158.49332364,-158.85606814,-158.04890193,-158.22140159,-158.81453962
21741.48296593,-61.92437967,3.47436813,-131.36324135,3.47436813,-158.88746664,0.32945563,27.52422529,-57.84741488,-67.50790171,-65.03840089,-64.31354011,-62.69470883,-59.89616239,-59.20190596,-58.89500258,-127.28627656,-136.94676339,-134.47726257,-133.75240179,-132.13357051,-129.33502407,-128.64076764,-128.33386426,-158.50180026,-158.76816830,-158.36560299,-159.07341538,-159.15129745,-159.23958232,-159.18835855,-158.81150785
21784.56913828,-61.92437967,3.47436813,-131.36324135,3.47436813,-159.96418275,0.45499850,28.60094140,-57.84741488,-67.50790171,-65.03840089,-64.31354011,-62.69470883,-59.89616239,-59.20190596,-58.89500258,-127.28627656,-136.94676339,-134.47726257,-133.75240179,-132.13357051,-129.33502407,-128.64076764,-128.33386426,-160.35275123,-159.41043460,-159.68526853,-160.81193208,-159.87321085,-159.71079295,-160.18033129,-159.68874045
21827.65531062,-61.92437967,3.47436813,-131.36324135,3.47436813,-160.89480925,0.66708328,29.53156790,-57.84741488,-67.50790171,-65.03840089,-64.31354011,-62.69470883,-59.89616239,-59.20190596,-58.89500258,-127.28627656,-136.94676339,-134.47726257,-133.75240179,-132.13357051,-129.33502407,-128.64076764,-128.33386426,-160.67231062,-159.77829887,-160.38518846,-161.03680668,-161.07261333,-160.85405174,-162.04970198,-161.30950232
21870.74148297,-61.92437967,3.47436813,-131.36324135,3.47436813,-161.28119560,0.45311136,29.91795425,-57.84741488,-67.50790171,-65.03840089,-64.31354011,-62.69470883,-59.89616239,-59.20190596,-58.89500258,-127.28627656,-136.94676339,-134.47726257,-133.75240179,-132.13357051,-129.33502407,-128.64076764,-128.33386426,-161.38910174,-160.74067151,-160.71422350,-160.86976937,-161.61089837,-161.50720202,-161.95079175,-161.46690657
21913.82765531,-61.92437967,3.47436813,-131.36324135,3.47436813,-161.96346233,0.45733114,30.60022098,-57.84741488,-67.50790171,-65.03840089,-64.31354011,-62.69470883,-59.89616239,-59.20190596,-58.89500258,-127.28627656,-136.94676339,-134.47726257,-133.75240179,-132.13357051,-129.33502407,-128.64076764,-128.33386426,-162.61125076,-161.31914844,-161.52089105,-161.86481745,-162.42365101,-161.96322121,-162.32554071,-161.67917804
21956.91382766,-61.92437967,3.47436813,-131.36324135,3.47436813,-162.74482304,0.55488093,31.38158169,-57.84741488,-67.50790171,-65.03840089,-64.31354011,-62.69470883,-59.89616239,-59.20190596,-58.89500258,-127.28627656,-136.94676339,-134.47726257,-133.75240179,-132.13357051,-129.33502407,-128.64076764,-128.33386426,-163.47047543,-161.67805026,-162.97340513,-162.74068780,-162.84448966,-163.27313400,-162.58572575,-162.39261627
22000.00000000,-61.92437967,3.47436813,-131.36324135,3.47436813,-163.59278996,0.39669208,32.22954861,-57.84741488,-67.50790171,-65.03840089,-64.31354011,-62.69470883,-59.89616239,-59.20190596,-58.89500258,-127.28627656,-136.94676339,-134.47726257,-133.75240179,-132.13357051,-129.33502407,-128.64076764,-128.33386426,-163.01777244,-163.12185598,-163.45997996,-163.68587346,-163.56628876,-163.73473093,-163.95282005,-164.20299813
